DATE,LongRate,ShortRate,CapitalFlow,Credit,term_spread,term_spread_risk,credit_growth,credit_risk,capital_flow_risk,crisis_score,alert
1934-01-31,4.74,0.72,21857.0,3215.7435,4.0200000000000005,0,,0,0,0,GREEN
1934-02-28,4.74,0.62,21857.0,3215.7435,4.12,0,,0,0,0,GREEN
1934-03-31,4.74,0.24,21857.0,3215.7435,4.5,0,,0,0,0,GREEN
1934-04-30,4.74,0.15,21857.0,3215.7435,4.59,0,,0,0,0,GREEN
1934-05-31,4.74,0.16,21857.0,3215.7435,4.58,0,,0,0,0,GREEN
1934-06-30,4.74,0.15,21857.0,3215.7435,4.59,0,,0,0,0,GREEN
1934-07-31,4.74,0.15,21857.0,3215.7435,4.59,0,,0,0,0,GREEN
1934-08-31,4.74,0.19,21857.0,3215.7435,4.55,0,,0,0,0,GREEN
1934-09-30,4.74,0.21,21857.0,3215.7435,4.53,0,,0,0,0,GREEN
1934-10-31,4.74,0.27,21857.0,3215.7435,4.470000000000001,0,,0,0,0,GREEN
1934-11-30,4.74,0.25,21857.0,3215.7435,4.49,0,,0,0,0,GREEN
1934-12-31,4.74,0.23,21857.0,3215.7435,4.51,0,,0,0,0,GREEN
1935-01-31,4.74,0.2,21857.0,3215.7435,4.54,0,0.0,0,0,0,GREEN
1935-02-28,4.74,0.19,21857.0,3215.7435,4.55,0,0.0,0,0,0,GREEN
1935-03-31,4.74,0.15,21857.0,3215.7435,4.59,0,0.0,0,0,0,GREEN
1935-04-30,4.74,0.15,21857.0,3215.7435,4.59,0,0.0,0,0,0,GREEN
1935-05-31,4.74,0.15,21857.0,3215.7435,4.59,0,0.0,0,0,0,GREEN
1935-06-30,4.74,0.15,21857.0,3215.7435,4.59,0,0.0,0,0,0,GREEN
1935-07-31,4.74,0.15,21857.0,3215.7435,4.59,0,0.0,0,0,0,GREEN
1935-08-31,4.74,0.16,21857.0,3215.7435,4.58,0,0.0,0,0,0,GREEN
1935-09-30,4.74,0.2,21857.0,3215.7435,4.54,0,0.0,0,0,0,GREEN
1935-10-31,4.74,0.2,21857.0,3215.7435,4.54,0,0.0,0,0,0,GREEN
1935-11-30,4.74,0.16,21857.0,3215.7435,4.58,0,0.0,0,0,0,GREEN
1935-12-31,4.74,0.15,21857.0,3215.7435,4.59,0,0.0,0,0,0,GREEN
1936-01-31,4.74,0.2,21857.0,3215.7435,4.54,0,0.0,0,0,0,GREEN
1936-02-29,4.74,0.2,21857.0,3215.7435,4.54,0,0.0,0,0,0,GREEN
1936-03-31,4.74,0.2,21857.0,3215.7435,4.54,0,0.0,0,0,0,GREEN
1936-04-30,4.74,0.2,21857.0,3215.7435,4.54,0,0.0,0,0,0,GREEN
1936-05-31,4.74,0.2,21857.0,3215.7435,4.54,0,0.0,0,0,0,GREEN
1936-06-30,4.74,0.2,21857.0,3215.7435,4.54,0,0.0,0,0,0,GREEN
1936-07-31,4.74,0.15,21857.0,3215.7435,4.59,0,0.0,0,0,0,GREEN
1936-08-31,4.74,0.2,21857.0,3215.7435,4.54,0,0.0,0,0,0,GREEN
1936-09-30,4.74,0.16,21857.0,3215.7435,4.58,0,0.0,0,0,0,GREEN
1936-10-31,4.74,0.13,21857.0,3215.7435,4.61,0,0.0,0,0,0,GREEN
1936-11-30,4.74,0.11,21857.0,3215.7435,4.63,0,0.0,0,0,0,GREEN
1936-12-31,4.74,0.12,21857.0,3215.7435,4.62,0,0.0,0,0,0,GREEN
1937-01-31,4.74,0.17,21857.0,3215.7435,4.57,0,0.0,0,0,0,GREEN
1937-02-28,4.74,0.15,21857.0,3215.7435,4.59,0,0.0,0,0,0,GREEN
1937-03-31,4.74,0.38,21857.0,3215.7435,4.36,0,0.0,0,0,0,GREEN
1937-04-30,4.74,0.56,21857.0,3215.7435,4.18,0,0.0,0,0,0,GREEN
1937-05-31,4.74,0.41,21857.0,3215.7435,4.33,0,0.0,0,0,0,GREEN
1937-06-30,4.74,0.36,21857.0,3215.7435,4.38,0,0.0,0,0,0,GREEN
1937-07-31,4.74,0.28,21857.0,3215.7435,4.46,0,0.0,0,0,0,GREEN
1937-08-31,4.74,0.29,21857.0,3215.7435,4.45,0,0.0,0,0,0,GREEN
1937-09-30,4.74,0.31,21857.0,3215.7435,4.430000000000001,0,0.0,0,0,0,GREEN
1937-10-31,4.74,0.2,21857.0,3215.7435,4.54,0,0.0,0,0,0,GREEN
1937-11-30,4.74,0.09,21857.0,3215.7435,4.65,0,0.0,0,0,0,GREEN
1937-12-31,4.74,0.11,21857.0,3215.7435,4.63,0,0.0,0,0,0,GREEN
1938-01-31,4.74,0.1,21857.0,3215.7435,4.640000000000001,0,0.0,0,0,0,GREEN
1938-02-28,4.74,0.08,21857.0,3215.7435,4.66,0,0.0,0,0,0,GREEN
1938-03-31,4.74,0.08,21857.0,3215.7435,4.66,0,0.0,0,0,0,GREEN
1938-04-30,4.74,0.09,21857.0,3215.7435,4.65,0,0.0,0,0,0,GREEN
1938-05-31,4.74,0.05,21857.0,3215.7435,4.69,0,0.0,0,0,0,GREEN
1938-06-30,4.74,0.05,21857.0,3215.7435,4.69,0,0.0,0,0,0,GREEN
1938-07-31,4.74,0.07,21857.0,3215.7435,4.67,0,0.0,0,0,0,GREEN
1938-08-31,4.74,0.06,21857.0,3215.7435,4.680000000000001,0,0.0,0,0,0,GREEN
1938-09-30,4.74,0.08,21857.0,3215.7435,4.66,0,0.0,0,0,0,GREEN
1938-10-31,4.74,0.05,21857.0,3215.7435,4.69,0,0.0,0,0,0,GREEN
1938-11-30,4.74,0.04,21857.0,3215.7435,4.7,0,0.0,0,0,0,GREEN
1938-12-31,4.74,0.03,21857.0,3215.7435,4.71,0,0.0,0,0,0,GREEN
1939-01-31,4.74,0.03,21857.0,3215.7435,4.71,0,0.0,0,0,0,GREEN
1939-02-28,4.74,0.03,21857.0,3215.7435,4.71,0,0.0,0,0,0,GREEN
1939-03-31,4.74,0.03,21857.0,3215.7435,4.71,0,0.0,0,0,0,GREEN
1939-04-30,4.74,0.03,21857.0,3215.7435,4.71,0,0.0,0,0,0,GREEN
1939-05-31,4.74,0.03,21857.0,3215.7435,4.71,0,0.0,0,0,0,GREEN
1939-06-30,4.74,0.03,21857.0,3215.7435,4.71,0,0.0,0,0,0,GREEN
1939-07-31,4.74,0.04,21857.0,3215.7435,4.7,0,0.0,0,0,0,GREEN
1939-08-31,4.74,0.05,21857.0,3215.7435,4.69,0,0.0,0,0,0,GREEN
1939-09-30,4.74,0.14,21857.0,3215.7435,4.6000000000000005,0,0.0,0,0,0,GREEN
1939-10-31,4.74,0.05,21857.0,3215.7435,4.69,0,0.0,0,0,0,GREEN
1939-11-30,4.74,0.05,21857.0,3215.7435,4.69,0,0.0,0,0,0,GREEN
1939-12-31,4.74,0.04,21857.0,3215.7435,4.7,0,0.0,0,0,0,GREEN
1940-01-31,4.74,0.01,21857.0,3215.7435,4.73,0,0.0,0,0,0,GREEN
1940-02-29,4.74,0.02,21857.0,3215.7435,4.720000000000001,0,0.0,0,0,0,GREEN
1940-03-31,4.74,0.02,21857.0,3215.7435,4.720000000000001,0,0.0,0,0,0,GREEN
1940-04-30,4.74,0.02,21857.0,3215.7435,4.720000000000001,0,0.0,0,0,0,GREEN
1940-05-31,4.74,0.06,21857.0,3215.7435,4.680000000000001,0,0.0,0,0,0,GREEN
1940-06-30,4.74,0.1,21857.0,3215.7435,4.640000000000001,0,0.0,0,0,0,GREEN
1940-07-31,4.74,0.05,21857.0,3215.7435,4.69,0,0.0,0,0,0,GREEN
1940-08-31,4.74,0.04,21857.0,3215.7435,4.7,0,0.0,0,0,0,GREEN
1940-09-30,4.74,0.05,21857.0,3215.7435,4.69,0,0.0,0,0,0,GREEN
1940-10-31,4.74,0.02,21857.0,3215.7435,4.720000000000001,0,0.0,0,0,0,GREEN
1940-11-30,4.74,0.02,21857.0,3215.7435,4.720000000000001,0,0.0,0,0,0,GREEN
1940-12-31,4.74,0.02,21857.0,3215.7435,4.720000000000001,0,0.0,0,0,0,GREEN
1941-01-31,4.74,0.02,21857.0,3215.7435,4.720000000000001,0,0.0,0,0,0,GREEN
1941-02-28,4.74,0.04,21857.0,3215.7435,4.7,0,0.0,0,0,0,GREEN
1941-03-31,4.74,0.11,21857.0,3215.7435,4.63,0,0.0,0,0,0,GREEN
1941-04-30,4.74,0.1,21857.0,3215.7435,4.640000000000001,0,0.0,0,0,0,GREEN
1941-05-31,4.74,0.11,21857.0,3215.7435,4.63,0,0.0,0,0,0,GREEN
1941-06-30,4.74,0.12,21857.0,3215.7435,4.62,0,0.0,0,0,0,GREEN
1941-07-31,4.74,0.12,21857.0,3215.7435,4.62,0,0.0,0,0,0,GREEN
1941-08-31,4.74,0.13,21857.0,3215.7435,4.61,0,0.0,0,0,0,GREEN
1941-09-30,4.74,0.1,21857.0,3215.7435,4.640000000000001,0,0.0,0,0,0,GREEN
1941-10-31,4.74,0.09,21857.0,3215.7435,4.65,0,0.0,0,0,0,GREEN
1941-11-30,4.74,0.28,21857.0,3215.7435,4.46,0,0.0,0,0,0,GREEN
1941-12-31,4.74,0.33,21857.0,3215.7435,4.41,0,0.0,0,0,0,GREEN
1942-01-31,4.74,0.27,21857.0,3215.7435,4.470000000000001,0,0.0,0,0,0,GREEN
1942-02-28,4.74,0.25,21857.0,3215.7435,4.49,0,0.0,0,0,0,GREEN
1942-03-31,4.74,0.25,21857.0,3215.7435,4.49,0,0.0,0,0,0,GREEN
1942-04-30,4.74,0.32,21857.0,3215.7435,4.42,0,0.0,0,0,0,GREEN
1942-05-31,4.74,0.37,21857.0,3215.7435,4.37,0,0.0,0,0,0,GREEN
1942-06-30,4.74,0.37,21857.0,3215.7435,4.37,0,0.0,0,0,0,GREEN
1942-07-31,4.74,0.38,21857.0,3215.7435,4.36,0,0.0,0,0,0,GREEN
1942-08-31,4.74,0.38,21857.0,3215.7435,4.36,0,0.0,0,0,0,GREEN
1942-09-30,4.74,0.38,21857.0,3215.7435,4.36,0,0.0,0,0,0,GREEN
1942-10-31,4.74,0.38,21857.0,3215.7435,4.36,0,0.0,0,0,0,GREEN
1942-11-30,4.74,0.38,21857.0,3215.7435,4.36,0,0.0,0,0,0,GREEN
1942-12-31,4.74,0.38,21857.0,3215.7435,4.36,0,0.0,0,0,0,GREEN
1943-01-31,4.74,0.38,21857.0,3215.7435,4.36,0,0.0,0,0,0,GREEN
1943-02-28,4.74,0.38,21857.0,3215.7435,4.36,0,0.0,0,0,0,GREEN
1943-03-31,4.74,0.38,21857.0,3215.7435,4.36,0,0.0,0,0,0,GREEN
1943-04-30,4.74,0.38,21857.0,3215.7435,4.36,0,0.0,0,0,0,GREEN
1943-05-31,4.74,0.38,21857.0,3215.7435,4.36,0,0.0,0,0,0,GREEN
1943-06-30,4.74,0.38,21857.0,3215.7435,4.36,0,0.0,0,0,0,GREEN
1943-07-31,4.74,0.38,21857.0,3215.7435,4.36,0,0.0,0,0,0,GREEN
1943-08-31,4.74,0.38,21857.0,3215.7435,4.36,0,0.0,0,0,0,GREEN
1943-09-30,4.74,0.38,21857.0,3215.7435,4.36,0,0.0,0,0,0,GREEN
1943-10-31,4.74,0.38,21857.0,3215.7435,4.36,0,0.0,0,0,0,GREEN
1943-11-30,4.74,0.38,21857.0,3215.7435,4.36,0,0.0,0,0,0,GREEN
1943-12-31,4.74,0.38,21857.0,3215.7435,4.36,0,0.0,0,0,0,GREEN
1944-01-31,4.74,0.38,21857.0,3215.7435,4.36,0,0.0,0,0,0,GREEN
1944-02-29,4.74,0.38,21857.0,3215.7435,4.36,0,0.0,0,0,0,GREEN
1944-03-31,4.74,0.38,21857.0,3215.7435,4.36,0,0.0,0,0,0,GREEN
1944-04-30,4.74,0.38,21857.0,3215.7435,4.36,0,0.0,0,0,0,GREEN
1944-05-31,4.74,0.38,21857.0,3215.7435,4.36,0,0.0,0,0,0,GREEN
1944-06-30,4.74,0.38,21857.0,3215.7435,4.36,0,0.0,0,0,0,GREEN
1944-07-31,4.74,0.38,21857.0,3215.7435,4.36,0,0.0,0,0,0,GREEN
1944-08-31,4.74,0.38,21857.0,3215.7435,4.36,0,0.0,0,0,0,GREEN
1944-09-30,4.74,0.38,21857.0,3215.7435,4.36,0,0.0,0,0,0,GREEN
1944-10-31,4.74,0.38,21857.0,3215.7435,4.36,0,0.0,0,0,0,GREEN
1944-11-30,4.74,0.38,21857.0,3215.7435,4.36,0,0.0,0,0,0,GREEN
1944-12-31,4.74,0.38,21857.0,3215.7435,4.36,0,0.0,0,0,0,GREEN
1945-01-31,4.74,0.38,21857.0,3215.7435,4.36,0,0.0,0,0,0,GREEN
1945-02-28,4.74,0.38,21857.0,3215.7435,4.36,0,0.0,0,0,0,GREEN
1945-03-31,4.74,0.38,21857.0,3215.7435,4.36,0,0.0,0,0,0,GREEN
1945-04-30,4.74,0.38,21857.0,3215.7435,4.36,0,0.0,0,0,0,GREEN
1945-05-31,4.74,0.38,21857.0,3215.7435,4.36,0,0.0,0,0,0,GREEN
1945-06-30,4.74,0.38,21857.0,3215.7435,4.36,0,0.0,0,0,0,GREEN
1945-07-31,4.74,0.38,21857.0,3215.7435,4.36,0,0.0,0,0,0,GREEN
1945-08-31,4.74,0.38,21857.0,3215.7435,4.36,0,0.0,0,0,0,GREEN
1945-09-30,4.74,0.38,21857.0,3215.7435,4.36,0,0.0,0,0,0,GREEN
1945-10-31,4.74,0.38,21857.0,3215.7435,4.36,0,0.0,0,0,0,GREEN
1945-11-30,4.74,0.38,21857.0,3215.7435,4.36,0,0.0,0,0,0,GREEN
1945-12-31,4.74,0.38,21857.0,3215.7435,4.36,0,0.0,0,0,0,GREEN
1946-01-31,4.74,0.38,21857.0,3215.7435,4.36,0,0.0,0,0,0,GREEN
1946-02-28,4.74,0.38,21857.0,3215.7435,4.36,0,0.0,0,0,0,GREEN
1946-03-31,4.74,0.38,21857.0,3215.7435,4.36,0,0.0,0,0,0,GREEN
1946-04-30,4.74,0.38,21857.0,3215.7435,4.36,0,0.0,0,0,0,GREEN
1946-05-31,4.74,0.38,21857.0,3215.7435,4.36,0,0.0,0,0,0,GREEN
1946-06-30,4.74,0.38,21857.0,3215.7435,4.36,0,0.0,0,0,0,GREEN
1946-07-31,4.74,0.38,21857.0,3215.7435,4.36,0,0.0,0,0,0,GREEN
1946-08-31,4.74,0.38,21857.0,3215.7435,4.36,0,0.0,0,0,0,GREEN
1946-09-30,4.74,0.38,21857.0,3215.7435,4.36,0,0.0,0,0,0,GREEN
1946-10-31,4.74,0.38,21857.0,3215.7435,4.36,0,0.0,0,0,0,GREEN
1946-11-30,4.74,0.38,21857.0,3215.7435,4.36,0,0.0,0,0,0,GREEN
1946-12-31,4.74,0.38,21857.0,3215.7435,4.36,0,0.0,0,0,0,GREEN
1947-01-31,4.74,0.38,21857.0,3215.7435,4.36,0,0.0,0,0,0,GREEN
1947-02-28,4.74,0.38,21857.0,3215.7435,4.36,0,0.0,0,0,0,GREEN
1947-03-31,4.74,0.38,21857.0,3215.7435,4.36,0,0.0,0,0,0,GREEN
1947-04-30,4.74,0.38,21857.0,3215.7435,4.36,0,0.0,0,0,0,GREEN
1947-05-31,4.74,0.38,21857.0,3215.7435,4.36,0,0.0,0,0,0,GREEN
1947-06-30,4.74,0.38,21857.0,3215.7435,4.36,0,0.0,0,0,0,GREEN
1947-07-31,4.74,0.66,21857.0,3215.7435,4.08,0,0.0,0,0,0,GREEN
1947-08-31,4.74,0.75,21857.0,3215.7435,3.99,0,0.0,0,0,0,GREEN
1947-09-30,4.74,0.8,21857.0,3215.7435,3.9400000000000004,0,0.0,0,0,0,GREEN
1947-10-31,4.74,0.85,21857.0,3215.7435,3.89,0,0.0,0,0,0,GREEN
1947-11-30,4.74,0.92,21857.0,3215.7435,3.8200000000000003,0,0.0,0,0,0,GREEN
1947-12-31,4.74,0.95,21857.0,3215.7435,3.79,0,0.0,0,0,0,GREEN
1948-01-31,4.74,0.97,21857.0,3215.7435,3.7700000000000005,0,0.0,0,0,0,GREEN
1948-02-29,4.74,1.0,21857.0,3215.7435,3.74,0,0.0,0,0,0,GREEN
1948-03-31,4.74,1.0,21857.0,3215.7435,3.74,0,0.0,0,0,0,GREEN
1948-04-30,4.74,1.0,21857.0,3215.7435,3.74,0,0.0,0,0,0,GREEN
1948-05-31,4.74,1.0,21857.0,3215.7435,3.74,0,0.0,0,0,0,GREEN
1948-06-30,4.74,1.0,21857.0,3215.7435,3.74,0,0.0,0,0,0,GREEN
1948-07-31,4.74,1.0,21857.0,3215.7435,3.74,0,0.0,0,0,0,GREEN
1948-08-31,4.74,1.06,21857.0,3215.7435,3.68,0,0.0,0,0,0,GREEN
1948-09-30,4.74,1.09,21857.0,3215.7435,3.6500000000000004,0,0.0,0,0,0,GREEN
1948-10-31,4.74,1.12,21857.0,3215.7435,3.62,0,0.0,0,0,0,GREEN
1948-11-30,4.74,1.14,21857.0,3215.7435,3.6000000000000005,0,0.0,0,0,0,GREEN
1948-12-31,4.74,1.16,21857.0,3215.7435,3.58,0,0.0,0,0,0,GREEN
1949-01-31,4.74,1.17,21857.0,3215.7435,3.5700000000000003,0,0.0,0,0,0,GREEN
1949-02-28,4.74,1.17,21857.0,3215.7435,3.5700000000000003,0,0.0,0,0,0,GREEN
1949-03-31,4.74,1.17,21857.0,3215.7435,3.5700000000000003,0,0.0,0,0,0,GREEN
1949-04-30,4.74,1.17,21857.0,3215.7435,3.5700000000000003,0,0.0,0,0,0,GREEN
1949-05-31,4.74,1.17,21857.0,3215.7435,3.5700000000000003,0,0.0,0,0,0,GREEN
1949-06-30,4.74,1.17,21857.0,3215.7435,3.5700000000000003,0,0.0,0,0,0,GREEN
1949-07-31,4.74,1.02,21857.0,3215.7435,3.72,0,0.0,0,0,0,GREEN
1949-08-31,4.74,1.04,21857.0,3215.7435,3.7,0,0.0,0,0,0,GREEN
1949-09-30,4.74,1.07,21857.0,3215.7435,3.67,0,0.0,0,0,0,GREEN
1949-10-31,4.74,1.05,21857.0,3215.7435,3.6900000000000004,0,0.0,0,0,0,GREEN
1949-11-30,4.74,1.08,21857.0,3215.7435,3.66,0,0.0,0,0,0,GREEN
1949-12-31,4.74,1.1,21857.0,3215.7435,3.64,0,0.0,0,0,0,GREEN
1950-01-31,4.74,1.07,21857.0,3215.7435,3.67,0,0.0,0,0,0,GREEN
1950-02-28,4.74,1.12,21857.0,3215.7435,3.62,0,0.0,0,0,0,GREEN
1950-03-31,4.74,1.12,21857.0,3215.7435,3.62,0,0.0,0,0,0,GREEN
1950-04-30,4.74,1.15,21857.0,3215.7435,3.5900000000000003,0,0.0,0,0,0,GREEN
1950-05-31,4.74,1.16,21857.0,3215.7435,3.58,0,0.0,0,0,0,GREEN
1950-06-30,4.74,1.15,21857.0,3215.7435,3.5900000000000003,0,0.0,0,0,0,GREEN
1950-07-31,4.74,1.16,21857.0,3215.7435,3.58,0,0.0,0,0,0,GREEN
1950-08-31,4.74,1.2,21857.0,3215.7435,3.54,0,0.0,0,0,0,GREEN
1950-09-30,4.74,1.3,21857.0,3215.7435,3.4400000000000004,0,0.0,0,0,0,GREEN
1950-10-31,4.74,1.31,21857.0,3215.7435,3.43,0,0.0,0,0,0,GREEN
1950-11-30,4.74,1.36,21857.0,3215.7435,3.38,0,0.0,0,0,0,GREEN
1950-12-31,4.74,1.34,21857.0,3215.7435,3.4000000000000004,0,0.0,0,0,0,GREEN
1951-01-31,4.74,1.34,21857.0,3215.7435,3.4000000000000004,0,0.0,0,0,0,GREEN
1951-02-28,4.74,1.36,21857.0,3215.7435,3.38,0,0.0,0,0,0,GREEN
1951-03-31,4.74,1.4,21857.0,3215.7435,3.3400000000000003,0,0.0,0,0,0,GREEN
1951-04-30,4.74,1.47,21857.0,3215.7435,3.2700000000000005,0,0.0,0,0,0,GREEN
1951-05-31,4.74,1.55,21857.0,3215.7435,3.1900000000000004,0,0.0,0,0,0,GREEN
1951-06-30,4.74,1.45,21857.0,3215.7435,3.29,0,0.0,0,0,0,GREEN
1951-07-31,4.74,1.56,21857.0,3215.7435,3.18,0,0.0,0,0,0,GREEN
1951-08-31,4.74,1.62,21857.0,3215.7435,3.12,0,0.0,0,0,0,GREEN
1951-09-30,4.74,1.63,21857.0,3215.7435,3.1100000000000003,0,0.0,0,0,0,GREEN
1951-10-31,4.74,1.54,21857.0,3215.7435,3.2,0,0.0,0,0,0,GREEN
1951-11-30,4.74,1.56,21857.0,3215.7435,3.18,0,0.0,0,0,0,GREEN
1951-12-31,4.74,1.73,21857.0,3215.7435,3.0100000000000002,0,0.0,0,0,0,GREEN
1952-01-31,4.74,1.57,21857.0,3215.7435,3.17,0,0.0,0,0,0,GREEN
1952-02-29,4.74,1.54,21857.0,3215.7435,3.2,0,0.0,0,0,0,GREEN
1952-03-31,4.74,1.59,21857.0,3215.7435,3.1500000000000004,0,0.0,0,0,0,GREEN
1952-04-30,4.74,1.57,21857.0,3215.7435,3.17,0,0.0,0,0,0,GREEN
1952-05-31,4.74,1.67,21857.0,3215.7435,3.0700000000000003,0,0.0,0,0,0,GREEN
1952-06-30,4.74,1.7,21857.0,3215.7435,3.04,0,0.0,0,0,0,GREEN
1952-07-31,4.74,1.81,21857.0,3215.7435,2.93,0,0.0,0,0,0,GREEN
1952-08-31,4.74,1.83,21857.0,3215.7435,2.91,0,0.0,0,0,0,GREEN
1952-09-30,4.74,1.71,21857.0,3215.7435,3.0300000000000002,0,0.0,0,0,0,GREEN
1952-10-31,4.74,1.74,21857.0,3215.7435,3.0,0,0.0,0,0,0,GREEN
1952-11-30,4.74,1.85,21857.0,3215.7435,2.89,0,0.0,0,0,0,GREEN
1952-12-31,4.74,2.09,21857.0,3215.7435,2.6500000000000004,0,0.0,0,0,0,GREEN
1953-01-31,4.74,1.96,21857.0,3215.7435,2.7800000000000002,0,0.0,0,0,0,GREEN
1953-02-28,4.74,1.97,21857.0,3215.7435,2.7700000000000005,0,0.0,0,0,0,GREEN
1953-03-31,4.74,2.01,21857.0,3215.7435,2.7300000000000004,0,0.0,0,0,0,GREEN
1953-04-30,2.83,2.19,21857.0,3215.7435,0.6400000000000001,0,0.0,0,0,0,GREEN
1953-05-31,3.05,2.16,21857.0,3215.7435,0.8899999999999997,0,0.0,0,0,0,GREEN
1953-06-30,3.11,2.11,21857.0,3215.7435,1.0,0,0.0,0,0,0,GREEN
1953-07-31,2.93,2.04,21857.0,3215.7435,0.8900000000000001,0,0.0,0,0,0,GREEN
1953-08-31,2.95,2.04,21857.0,3215.7435,0.9100000000000001,0,0.0,0,0,0,GREEN
1953-09-30,2.87,1.79,21857.0,3215.7435,1.08,0,0.0,0,0,0,GREEN
1953-10-31,2.66,1.38,21857.0,3215.7435,1.2800000000000002,0,0.0,0,0,0,GREEN
1953-11-30,2.68,1.44,21857.0,3215.7435,1.2400000000000002,0,0.0,0,0,0,GREEN
1953-12-31,2.59,1.6,21857.0,3215.7435,0.9899999999999998,0,0.0,0,0,0,GREEN
1954-01-31,2.48,1.18,21857.0,3215.7435,1.3,0,0.0,0,0,0,GREEN
1954-02-28,2.47,0.97,21857.0,3215.7435,1.5000000000000002,0,0.0,0,0,0,GREEN
1954-03-31,2.37,1.03,21857.0,3215.7435,1.34,0,0.0,0,0,0,GREEN
1954-04-30,2.29,0.97,21857.0,3215.7435,1.32,0,0.0,0,0,0,GREEN
1954-05-31,2.37,0.76,21857.0,3215.7435,1.61,0,0.0,0,0,0,GREEN
1954-06-30,2.38,0.64,21857.0,3215.7435,1.7399999999999998,0,0.0,0,0,0,GREEN
1954-07-31,2.3,0.72,21857.0,3215.7435,1.5799999999999998,0,0.0,0,0,0,GREEN
1954-08-31,2.36,0.92,21857.0,3215.7435,1.44,0,0.0,0,0,0,GREEN
1954-09-30,2.38,1.01,21857.0,3215.7435,1.3699999999999999,0,0.0,0,0,0,GREEN
1954-10-31,2.43,0.98,21857.0,3215.7435,1.4500000000000002,0,0.0,0,0,0,GREEN
1954-11-30,2.48,0.93,21857.0,3215.7435,1.5499999999999998,0,0.0,0,0,0,GREEN
1954-12-31,2.51,1.15,21857.0,3215.7435,1.3599999999999999,0,0.0,0,0,0,GREEN
1955-01-31,2.61,1.22,21857.0,3215.7435,1.39,0,0.0,0,0,0,GREEN
1955-02-28,2.65,1.17,21857.0,3215.7435,1.48,0,0.0,0,0,0,GREEN
1955-03-31,2.68,1.28,21857.0,3215.7435,1.4000000000000001,0,0.0,0,0,0,GREEN
1955-04-30,2.75,1.59,21857.0,3215.7435,1.16,0,0.0,0,0,0,GREEN
1955-05-31,2.76,1.45,21857.0,3215.7435,1.3099999999999998,0,0.0,0,0,0,GREEN
1955-06-30,2.78,1.41,21857.0,3215.7435,1.3699999999999999,0,0.0,0,0,0,GREEN
1955-07-31,2.9,1.6,21857.0,3215.7435,1.2999999999999998,0,0.0,0,0,0,GREEN
1955-08-31,2.97,1.9,21857.0,3215.7435,1.0700000000000003,0,0.0,0,0,0,GREEN
1955-09-30,2.97,2.07,21857.0,3215.7435,0.9000000000000004,0,0.0,0,0,0,GREEN
1955-10-31,2.88,2.23,21857.0,3215.7435,0.6499999999999999,0,0.0,0,0,0,GREEN
1955-11-30,2.89,2.24,21857.0,3215.7435,0.6499999999999999,0,0.0,0,0,0,GREEN
1955-12-31,2.96,2.54,21857.0,3215.7435,0.41999999999999993,0,0.0,0,0,0,GREEN
1956-01-31,2.9,2.41,21857.0,3215.7435,0.48999999999999977,0,0.0,0,0,0,GREEN
1956-02-29,2.84,2.32,21857.0,3215.7435,0.52,0,0.0,0,0,0,GREEN
1956-03-31,2.96,2.25,21857.0,3215.7435,0.71,0,0.0,0,0,0,GREEN
1956-04-30,3.18,2.6,21857.0,3215.7435,0.5800000000000001,0,0.0,0,0,0,GREEN
1956-05-31,3.07,2.61,21857.0,3215.7435,0.45999999999999996,0,0.0,0,0,0,GREEN
1956-06-30,3.0,2.49,21857.0,3215.7435,0.5099999999999998,0,0.0,0,0,0,GREEN
1956-07-31,3.11,2.31,21857.0,3215.7435,0.7999999999999998,0,0.0,0,0,0,GREEN
1956-08-31,3.33,2.6,21857.0,3215.7435,0.73,0,0.0,0,0,0,GREEN
1956-09-30,3.38,2.84,21857.0,3215.7435,0.54,0,0.0,0,0,0,GREEN
1956-10-31,3.34,2.9,21857.0,3215.7435,0.43999999999999995,0,0.0,0,0,0,GREEN
1956-11-30,3.49,2.99,21857.0,3215.7435,0.5,0,0.0,0,0,0,GREEN
1956-12-31,3.59,3.21,21857.0,3215.7435,0.3799999999999999,0,0.0,0,0,0,GREEN
1957-01-31,3.46,3.11,21857.0,3215.7435,0.3500000000000001,0,0.0,0,0,0,GREEN
1957-02-28,3.34,3.1,21857.0,3215.7435,0.23999999999999977,0,0.0,0,0,0,GREEN
1957-03-31,3.41,3.08,21857.0,3215.7435,0.33000000000000007,0,0.0,0,0,0,GREEN
1957-04-30,3.48,3.07,21857.0,3215.7435,0.41000000000000014,0,0.0,0,0,0,GREEN
1957-05-31,3.6,3.06,21857.0,3215.7435,0.54,0,0.0,0,0,0,GREEN
1957-06-30,3.8,3.29,21857.0,3215.7435,0.5099999999999998,0,0.0,0,0,0,GREEN
1957-07-31,3.93,3.16,21857.0,3215.7435,0.77,0,0.0,0,0,0,GREEN
1957-08-31,3.93,3.37,21857.0,3215.7435,0.56,0,0.0,0,0,0,GREEN
1957-09-30,3.92,3.53,21857.0,3215.7435,0.3900000000000001,0,0.0,0,0,0,GREEN
1957-10-31,3.97,3.58,21857.0,3215.7435,0.3900000000000001,0,0.0,0,0,0,GREEN
1957-11-30,3.72,3.31,21857.0,3215.7435,0.41000000000000014,0,0.0,0,0,0,GREEN
1957-12-31,3.21,3.04,21857.0,3215.7435,0.16999999999999993,0,0.0,0,0,0,GREEN
1958-01-31,3.09,2.44,21857.0,3215.7435,0.6499999999999999,0,0.0,0,0,0,GREEN
1958-02-28,3.05,1.53,21857.0,3215.7435,1.5199999999999998,0,0.0,0,0,0,GREEN
1958-03-31,2.98,1.3,21857.0,3215.7435,1.68,0,0.0,0,0,0,GREEN
1958-04-30,2.88,1.13,21857.0,3215.7435,1.75,0,0.0,0,0,0,GREEN
1958-05-31,2.92,0.91,21857.0,3215.7435,2.01,0,0.0,0,0,0,GREEN
1958-06-30,2.97,0.83,21857.0,3215.7435,2.14,0,0.0,0,0,0,GREEN
1958-07-31,3.2,0.91,21857.0,3215.7435,2.29,0,0.0,0,0,0,GREEN
1958-08-31,3.54,1.69,21857.0,3215.7435,1.85,0,0.0,0,0,0,GREEN
1958-09-30,3.76,2.44,21857.0,3215.7435,1.3199999999999998,0,0.0,0,0,0,GREEN
1958-10-31,3.8,2.63,21857.0,3215.7435,1.17,0,0.0,0,0,0,GREEN
1958-11-30,3.74,2.67,21857.0,3215.7435,1.0700000000000003,0,0.0,0,0,0,GREEN
1958-12-31,3.86,2.77,21857.0,3215.7435,1.0899999999999999,0,0.0,0,0,0,GREEN
1959-01-31,4.02,2.82,21857.0,3215.7435,1.1999999999999997,0,0.0,0,0,0,GREEN
1959-02-28,3.96,2.7,21857.0,3215.7435,1.2599999999999998,0,0.0,0,0,0,GREEN
1959-03-31,3.99,2.8,21857.0,3215.7435,1.1900000000000004,0,0.0,0,0,0,GREEN
1959-04-30,4.12,2.95,21857.0,3215.7435,1.17,0,0.0,0,0,0,GREEN
1959-05-31,4.31,2.84,21857.0,3215.7435,1.4699999999999998,0,0.0,0,0,0,GREEN
1959-06-30,4.34,3.21,21857.0,3215.7435,1.13,0,0.0,0,0,0,GREEN
1959-07-31,4.4,3.2,21857.0,3215.7435,1.2000000000000002,0,0.0,0,0,0,GREEN
1959-08-31,4.43,3.38,21857.0,3215.7435,1.0499999999999998,0,0.0,0,0,0,GREEN
1959-09-30,4.68,4.04,21857.0,3215.7435,0.6399999999999997,0,0.0,0,0,0,GREEN
1959-10-31,4.53,4.05,21857.0,3215.7435,0.4800000000000004,0,0.0,0,0,0,GREEN
1959-11-30,4.53,4.15,21857.0,3215.7435,0.3799999999999999,0,0.0,0,0,0,GREEN
1959-12-31,4.69,4.49,21857.0,3215.7435,0.20000000000000018,0,0.0,0,0,0,GREEN
1960-01-31,4.72,4.35,21857.0,3215.7435,0.3700000000000001,0,0.0,0,0,0,GREEN
1960-02-29,4.49,3.96,21857.0,3215.7435,0.5300000000000002,0,0.0,0,0,0,GREEN
1960-03-31,4.25,3.31,21857.0,3215.7435,0.94,0,0.0,0,0,0,GREEN
1960-04-30,4.28,3.23,21857.0,3215.7435,1.0500000000000003,0,0.0,0,0,0,GREEN
1960-05-31,4.35,3.29,21857.0,3215.7435,1.0599999999999996,0,0.0,0,0,0,GREEN
1960-06-30,4.15,2.46,21857.0,3215.7435,1.6900000000000004,0,0.0,0,0,0,GREEN
1960-07-31,3.9,2.3,21857.0,3215.7435,1.6,0,0.0,0,0,0,GREEN
1960-08-31,3.8,2.3,21857.0,3215.7435,1.5,0,0.0,0,0,0,GREEN
1960-09-30,3.8,2.48,21857.0,3215.7435,1.3199999999999998,0,0.0,0,0,0,GREEN
1960-10-31,3.89,2.3,21857.0,3215.7435,1.5900000000000003,0,0.0,0,0,0,GREEN
1960-11-30,3.93,2.37,21857.0,3215.7435,1.56,0,0.0,0,0,0,GREEN
1960-12-31,3.84,2.25,21857.0,3215.7435,1.5899999999999999,0,0.0,0,0,0,GREEN
1961-01-31,3.84,2.24,21857.0,3215.7435,1.5999999999999996,0,0.0,0,0,0,GREEN
1961-02-28,3.78,2.42,21857.0,3215.7435,1.3599999999999999,0,0.0,0,0,0,GREEN
1961-03-31,3.74,2.39,21857.0,3215.7435,1.35,0,0.0,0,0,0,GREEN
1961-04-30,3.78,2.29,21857.0,3215.7435,1.4899999999999998,0,0.0,0,0,0,GREEN
1961-05-31,3.71,2.29,21857.0,3215.7435,1.42,0,0.0,0,0,0,GREEN
1961-06-30,3.88,2.33,21857.0,3215.7435,1.5499999999999998,0,0.0,0,0,0,GREEN
1961-07-31,3.92,2.24,21857.0,3215.7435,1.6799999999999997,0,0.0,0,0,0,GREEN
1961-08-31,4.04,2.39,21857.0,3215.7435,1.65,0,0.0,0,0,0,GREEN
1961-09-30,3.98,2.28,21857.0,3215.7435,1.7000000000000002,0,0.0,0,0,0,GREEN
1961-10-31,3.92,2.3,21857.0,3215.7435,1.62,0,0.0,0,0,0,GREEN
1961-11-30,3.94,2.48,21857.0,3215.7435,1.46,0,0.0,0,0,0,GREEN
1961-12-31,4.06,2.6,21857.0,3215.7435,1.4599999999999995,0,0.0,0,0,0,GREEN
1962-01-31,4.08,2.72,21857.0,3215.7435,1.3599999999999999,0,0.0,0,0,0,GREEN
1962-02-28,4.04,2.73,21857.0,3215.7435,1.31,0,0.0,0,0,0,GREEN
1962-03-31,3.93,2.72,21857.0,3215.7435,1.21,0,0.0,0,0,0,GREEN
1962-04-30,3.84,2.73,21857.0,3215.7435,1.1099999999999999,0,0.0,0,0,0,GREEN
1962-05-31,3.87,2.69,21857.0,3215.7435,1.1800000000000002,0,0.0,0,0,0,GREEN
1962-06-30,3.91,2.73,21857.0,3215.7435,1.1800000000000002,0,0.0,0,0,0,GREEN
1962-07-31,4.01,2.92,21857.0,3215.7435,1.0899999999999999,0,0.0,0,0,0,GREEN
1962-08-31,3.98,2.82,21857.0,3215.7435,1.1600000000000001,0,0.0,0,0,0,GREEN
1962-09-30,3.98,2.78,21857.0,3215.7435,1.2000000000000002,0,0.0,0,0,0,GREEN
1962-10-31,3.93,2.74,21857.0,3215.7435,1.19,0,0.0,0,0,0,GREEN
1962-11-30,3.92,2.83,21857.0,3215.7435,1.0899999999999999,0,0.0,0,0,0,GREEN
1962-12-31,3.86,2.87,21857.0,3215.7435,0.9899999999999998,0,0.0,0,0,0,GREEN
1963-01-31,3.83,2.91,21857.0,3215.7435,0.9199999999999999,0,0.0,0,0,0,GREEN
1963-02-28,3.92,2.92,21857.0,3215.7435,1.0,0,0.0,0,0,0,GREEN
1963-03-31,3.93,2.89,21857.0,3215.7435,1.04,0,0.0,0,0,0,GREEN
1963-04-30,3.97,2.9,21857.0,3215.7435,1.0700000000000003,0,0.0,0,0,0,GREEN
1963-05-31,3.93,2.93,21857.0,3215.7435,1.0,0,0.0,0,0,0,GREEN
1963-06-30,3.99,2.99,21857.0,3215.7435,1.0,0,0.0,0,0,0,GREEN
1963-07-31,4.02,3.18,21857.0,3215.7435,0.8399999999999994,0,0.0,0,0,0,GREEN
1963-08-31,4.0,3.32,21857.0,3215.7435,0.6800000000000002,0,0.0,0,0,0,GREEN
1963-09-30,4.08,3.38,21857.0,3215.7435,0.7000000000000002,0,0.0,0,0,0,GREEN
1963-10-31,4.11,3.45,21857.0,3215.7435,0.6600000000000001,0,0.0,0,0,0,GREEN
1963-11-30,4.12,3.52,21857.0,3215.7435,0.6000000000000001,0,0.0,0,0,0,GREEN
1963-12-31,4.13,3.52,21857.0,3215.7435,0.6099999999999999,0,0.0,0,0,0,GREEN
1964-01-31,4.17,3.52,21857.0,3215.7435,0.6499999999999999,0,0.0,0,0,0,GREEN
1964-02-29,4.15,3.53,21857.0,3215.7435,0.6200000000000006,0,0.0,0,0,0,GREEN
1964-03-31,4.22,3.54,21857.0,3215.7435,0.6799999999999997,0,0.0,0,0,0,GREEN
1964-04-30,4.23,3.47,21857.0,3215.7435,0.7600000000000002,0,0.0,0,0,0,GREEN
1964-05-31,4.2,3.48,21857.0,3215.7435,0.7200000000000002,0,0.0,0,0,0,GREEN
1964-06-30,4.17,3.48,21857.0,3215.7435,0.69,0,0.0,0,0,0,GREEN
1964-07-31,4.19,3.46,21857.0,3215.7435,0.7300000000000004,0,0.0,0,0,0,GREEN
1964-08-31,4.19,3.5,21857.0,3215.7435,0.6900000000000004,0,0.0,0,0,0,GREEN
1964-09-30,4.2,3.53,21857.0,3215.7435,0.6700000000000004,0,0.0,0,0,0,GREEN
1964-10-31,4.19,3.57,21857.0,3215.7435,0.6200000000000006,0,0.0,0,0,0,GREEN
1964-11-30,4.15,3.64,21857.0,3215.7435,0.5100000000000002,0,0.0,0,0,0,GREEN
1964-12-31,4.18,3.84,21857.0,3215.7435,0.33999999999999986,0,0.0,0,0,0,GREEN
1965-01-31,4.19,3.81,21857.0,3215.7435,0.38000000000000034,0,0.0,0,0,0,GREEN
1965-02-28,4.21,3.93,21857.0,3215.7435,0.2799999999999998,0,0.0,0,0,0,GREEN
1965-03-31,4.21,3.93,21857.0,3215.7435,0.2799999999999998,0,0.0,0,0,0,GREEN
1965-04-30,4.2,3.93,21857.0,3215.7435,0.27,0,0.0,0,0,0,GREEN
1965-05-31,4.21,3.89,21857.0,3215.7435,0.31999999999999984,0,0.0,0,0,0,GREEN
1965-06-30,4.21,3.8,21857.0,3215.7435,0.41000000000000014,0,0.0,0,0,0,GREEN
1965-07-31,4.2,3.84,21857.0,3215.7435,0.3600000000000003,0,0.0,0,0,0,GREEN
1965-08-31,4.25,3.84,21857.0,3215.7435,0.41000000000000014,0,0.0,0,0,0,GREEN
1965-09-30,4.29,3.92,21857.0,3215.7435,0.3700000000000001,0,0.0,0,0,0,GREEN
1965-10-31,4.35,4.03,21857.0,3215.7435,0.3199999999999994,0,0.0,0,0,0,GREEN
1965-11-30,4.45,4.09,21857.0,3215.7435,0.3600000000000003,0,0.0,0,0,0,GREEN
1965-12-31,4.62,4.38,21857.0,3215.7435,0.2400000000000002,0,0.0,0,0,0,GREEN
1966-01-31,4.61,4.59,21857.0,3215.7435,0.020000000000000462,0,0.0,0,0,0,GREEN
1966-02-28,4.83,4.65,21857.0,3215.7435,0.17999999999999972,0,0.0,0,0,0,GREEN
1966-03-31,4.87,4.59,21857.0,3215.7435,0.28000000000000025,0,0.0,0,0,0,GREEN
1966-04-30,4.75,4.62,21857.0,3215.7435,0.1299999999999999,0,0.0,0,0,0,GREEN
1966-05-31,4.78,4.64,21857.0,3215.7435,0.14000000000000057,0,0.0,0,0,0,GREEN
1966-06-30,4.81,4.5,21857.0,3215.7435,0.3099999999999996,0,0.0,0,0,0,GREEN
1966-07-31,5.02,4.8,21857.0,3215.7435,0.21999999999999975,0,0.0,0,0,0,GREEN
1966-08-31,5.22,4.96,21857.0,3215.7435,0.2599999999999998,0,0.0,0,0,0,GREEN
1966-09-30,5.18,5.37,21857.0,3215.7435,-0.1900000000000004,1,0.0,0,0,1,YELLOW
1966-10-31,5.01,5.35,21857.0,3215.7435,-0.33999999999999986,1,0.0,0,0,1,YELLOW
1966-11-30,5.16,5.32,21857.0,3215.7435,-0.16000000000000014,1,0.0,0,0,1,YELLOW
1966-12-31,4.84,4.96,21857.0,3215.7435,-0.1200000000000001,1,0.0,0,0,1,YELLOW
1967-01-31,4.58,4.72,21857.0,3215.7435,-0.13999999999999968,1,0.0,0,0,1,YELLOW
1967-02-28,4.63,4.56,21857.0,3215.7435,0.07000000000000028,0,0.0,0,0,0,GREEN
1967-03-31,4.54,4.26,21857.0,3215.7435,0.28000000000000025,0,0.0,0,0,0,GREEN
1967-04-30,4.59,3.84,21857.0,3215.7435,0.75,0,0.0,0,0,0,GREEN
1967-05-31,4.85,3.6,21857.0,3215.7435,1.2499999999999996,0,0.0,0,0,0,GREEN
1967-06-30,5.02,3.54,21857.0,3215.7435,1.4799999999999995,0,0.0,0,0,0,GREEN
1967-07-31,5.16,4.21,21857.0,3215.7435,0.9500000000000002,0,0.0,0,0,0,GREEN
1967-08-31,5.28,4.27,21857.0,3215.7435,1.0100000000000007,0,0.0,0,0,0,GREEN
1967-09-30,5.3,4.42,21857.0,3215.7435,0.8799999999999999,0,0.0,0,0,0,GREEN
1967-10-31,5.48,4.56,21857.0,3215.7435,0.9200000000000008,0,0.0,0,0,0,GREEN
1967-11-30,5.75,4.73,21857.0,3215.7435,1.0199999999999996,0,0.0,0,0,0,GREEN
1967-12-31,5.7,4.97,21857.0,3215.7435,0.7300000000000004,0,0.0,0,0,0,GREEN
1968-01-31,5.53,5.0,21857.0,3215.7435,0.5300000000000002,0,0.0,0,0,0,GREEN
1968-02-29,5.56,4.98,21857.0,3215.7435,0.5799999999999992,0,0.0,0,0,0,GREEN
1968-03-31,5.74,5.17,21857.0,3215.7435,0.5700000000000003,0,0.0,0,0,0,GREEN
1968-04-30,5.64,5.38,21857.0,3215.7435,0.2599999999999998,0,0.0,0,0,0,GREEN
1968-05-31,5.87,5.66,21857.0,3215.7435,0.20999999999999996,0,0.0,0,0,0,GREEN
1968-06-30,5.72,5.52,21857.0,3215.7435,0.20000000000000018,0,0.0,0,0,0,GREEN
1968-07-31,5.5,5.31,21857.0,3215.7435,0.1900000000000004,0,0.0,0,0,0,GREEN
1968-08-31,5.42,5.09,21857.0,3215.7435,0.33000000000000007,0,0.0,0,0,0,GREEN
1968-09-30,5.46,5.19,21857.0,3215.7435,0.2699999999999996,0,0.0,0,0,0,GREEN
1968-10-31,5.58,5.35,21857.0,3215.7435,0.23000000000000043,0,0.0,0,0,0,GREEN
1968-11-30,5.7,5.45,21857.0,3215.7435,0.25,0,0.0,0,0,0,GREEN
1968-12-31,6.03,5.96,21857.0,3215.7435,0.07000000000000028,0,0.0,0,0,0,GREEN
1969-01-31,6.04,6.14,21857.0,3215.7435,-0.09999999999999964,1,0.0,0,0,1,YELLOW
1969-02-28,6.19,6.12,21857.0,3215.7435,0.07000000000000028,0,0.0,0,0,0,GREEN
1969-03-31,6.3,6.02,21857.0,3215.7435,0.28000000000000025,0,0.0,0,0,0,GREEN
1969-04-30,6.17,6.11,21857.0,3215.7435,0.05999999999999961,0,0.0,0,0,0,GREEN
1969-05-31,6.32,6.04,21857.0,3215.7435,0.28000000000000025,0,0.0,0,0,0,GREEN
1969-06-30,6.57,6.44,21857.0,3215.7435,0.1299999999999999,0,0.0,0,0,0,GREEN
1969-07-31,6.72,7.0,21857.0,3215.7435,-0.28000000000000025,1,0.0,0,0,1,YELLOW
1969-08-31,6.69,6.98,21857.0,3215.7435,-0.29000000000000004,1,0.0,0,0,1,YELLOW
1969-09-30,7.16,7.09,21857.0,3215.7435,0.07000000000000028,0,0.0,0,0,0,GREEN
1969-10-31,7.1,7.0,21857.0,3215.7435,0.09999999999999964,0,0.0,0,0,0,GREEN
1969-11-30,7.14,7.24,21857.0,3215.7435,-0.10000000000000053,1,0.0,0,0,1,YELLOW
1969-12-31,7.65,7.82,21857.0,3215.7435,-0.16999999999999993,1,0.0,0,0,1,YELLOW
1970-01-31,7.79,7.87,21857.0,3215.7435,-0.08000000000000007,1,0.0,0,0,1,YELLOW
1970-02-28,7.24,7.13,21857.0,3215.7435,0.11000000000000032,0,0.0,0,0,0,GREEN
1970-03-31,7.07,6.63,21857.0,3215.7435,0.4400000000000004,0,0.0,0,0,0,GREEN
1970-04-30,7.39,6.51,21857.0,3215.7435,0.8799999999999999,0,0.0,0,0,0,GREEN
1970-05-31,7.91,6.84,21857.0,3215.7435,1.0700000000000003,0,0.0,0,0,0,GREEN
1970-06-30,7.84,6.68,21857.0,3215.7435,1.1600000000000001,0,0.0,0,0,0,GREEN
1970-07-31,7.46,6.45,21857.0,3215.7435,1.0099999999999998,0,0.0,0,0,0,GREEN
1970-08-31,7.53,6.41,21857.0,3215.7435,1.12,0,0.0,0,0,0,GREEN
1970-09-30,7.39,6.12,21857.0,3215.7435,1.2699999999999996,0,0.0,0,0,0,GREEN
1970-10-31,7.33,5.91,21857.0,3215.7435,1.42,0,0.0,0,0,0,GREEN
1970-11-30,6.84,5.28,21857.0,3215.7435,1.5599999999999996,0,0.0,0,0,0,GREEN
1970-12-31,6.39,4.87,21857.0,3215.7435,1.5199999999999996,0,0.0,0,0,0,GREEN
1971-01-31,6.24,4.44,21857.0,3215.7435,1.7999999999999998,0,0.0,0,0,0,GREEN
1971-02-28,6.11,3.7,21857.0,3215.7435,2.41,0,0.0,0,0,0,GREEN
1971-03-31,5.7,3.38,21857.0,3215.7435,2.3200000000000003,0,0.0,0,0,0,GREEN
1971-04-30,5.83,3.86,21857.0,3215.7435,1.9700000000000002,0,0.0,0,0,0,GREEN
1971-05-31,6.39,4.14,21857.0,3215.7435,2.25,0,0.0,0,0,0,GREEN
1971-06-30,6.52,4.75,21857.0,3215.7435,1.7699999999999996,0,0.0,0,0,0,GREEN
1971-07-31,6.73,5.4,21857.0,3215.7435,1.33,0,0.0,0,0,0,GREEN
1971-08-31,6.58,4.94,21857.0,3215.7435,1.6399999999999997,0,0.0,0,0,0,GREEN
1971-09-30,6.14,4.69,21857.0,3215.7435,1.4499999999999993,0,0.0,0,0,0,GREEN
1971-10-31,5.93,4.46,21857.0,3215.7435,1.4699999999999998,0,0.0,0,0,0,GREEN
1971-11-30,5.81,4.22,21857.0,3215.7435,1.5899999999999999,0,0.0,0,0,0,GREEN
1971-12-31,5.93,4.01,21857.0,3215.7435,1.92,0,0.0,0,0,0,GREEN
1972-01-31,5.95,3.38,21857.0,3215.7435,2.5700000000000003,0,0.0,0,0,0,GREEN
1972-02-29,6.08,3.2,21857.0,3215.7435,2.88,0,0.0,0,0,0,GREEN
1972-03-31,6.07,3.73,21857.0,3215.7435,2.3400000000000003,0,0.0,0,0,0,GREEN
1972-04-30,6.19,3.71,21857.0,3215.7435,2.4800000000000004,0,0.0,0,0,0,GREEN
1972-05-31,6.13,3.69,21857.0,3215.7435,2.44,0,0.0,0,0,0,GREEN
1972-06-30,6.11,3.91,21857.0,3215.7435,2.2,0,0.0,0,0,0,GREEN
1972-07-31,6.11,3.98,21857.0,3215.7435,2.1300000000000003,0,0.0,0,0,0,GREEN
1972-08-31,6.21,4.02,21857.0,3215.7435,2.1900000000000004,0,0.0,0,0,0,GREEN
1972-09-30,6.55,4.66,21857.0,3215.7435,1.8899999999999997,0,0.0,0,0,0,GREEN
1972-10-31,6.48,4.74,21857.0,3215.7435,1.7400000000000002,0,0.0,0,0,0,GREEN
1972-11-30,6.28,4.78,21857.0,3215.7435,1.5,0,0.0,0,0,0,GREEN
1972-12-31,6.36,5.07,21857.0,3215.7435,1.29,0,0.0,0,0,0,GREEN
1973-01-31,6.46,5.41,21857.0,408.2189,1.0499999999999998,0,-0.8730561377174517,0,0,0,GREEN
1973-02-28,6.64,5.6,21857.0,419.675,1.04,0,-0.8694936334318952,0,0,0,GREEN
1973-03-31,6.71,6.09,21857.0,427.9261,0.6200000000000001,0,-0.8669277882393294,0,0,0,GREEN
1973-04-30,6.67,6.26,21857.0,432.7591,0.41000000000000014,0,-0.8654248698629103,0,0,0,GREEN
1973-05-31,6.85,6.36,21857.0,441.496,0.4899999999999993,0,-0.8627079554075131,0,0,0,GREEN
1973-06-30,6.9,7.19,21857.0,447.9146,-0.29000000000000004,1,-0.8607119628788801,0,0,1,YELLOW
1973-07-31,7.13,8.01,21857.0,453.1993,-0.8799999999999999,1,-0.859068579319215,0,0,1,YELLOW
1973-08-31,7.4,8.67,21857.0,458.6401,-1.2699999999999996,1,-0.857376653330715,0,0,1,YELLOW
1973-09-30,7.09,8.29,21857.0,462.8681,-1.1999999999999993,1,-0.8560618718501647,0,0,1,YELLOW
1973-10-31,6.79,7.22,21857.0,465.1642,-0.4299999999999997,1,-0.8553478534590835,0,0,1,YELLOW
1973-11-30,6.73,7.83,21857.0,467.7622,-1.0999999999999996,1,-0.8545399532021133,0,0,1,YELLOW
1973-12-31,6.74,7.45,21857.0,478.5158,-0.71,1,-0.8511959053948177,0,0,1,YELLOW
1974-01-31,6.99,7.77,21857.0,476.4654,-0.7799999999999994,1,0.16718113737507,1,0,2,RED
1974-02-28,6.96,7.12,21857.0,481.2433,-0.16000000000000014,1,0.14670471197950796,1,0,2,RED
1974-03-31,7.21,7.96,21857.0,491.0192,-0.75,1,0.14743924242994288,1,0,2,RED
1974-04-30,7.51,8.33,21857.0,500.8513,-0.8200000000000003,1,0.15734435162657467,1,0,2,RED
1974-05-31,7.58,8.23,21857.0,508.1148,-0.6500000000000004,1,0.15089332632685237,1,0,2,RED
1974-06-30,7.54,7.9,21857.0,515.5043,-0.3600000000000003,1,0.1508986311229863,1,0,2,RED
1974-07-31,7.81,7.55,21857.0,522.6358,0.2599999999999998,0,0.15321404953626372,1,0,1,YELLOW
1974-08-31,8.04,8.96,21857.0,524.8959,-0.9200000000000017,1,0.1444614197493852,1,0,2,RED
1974-09-30,8.04,8.06,21857.0,525.3017,-0.02000000000000135,1,0.13488421431504993,1,0,2,RED
1974-10-31,7.9,7.46,21857.0,526.3095,0.4400000000000004,0,0.1314488518247965,1,0,1,YELLOW
1974-11-30,7.68,7.47,21857.0,527.9418,0.20999999999999996,0,0.1286542606478247,1,0,1,YELLOW
1974-12-31,7.43,7.15,21857.0,531.2668,0.27999999999999936,0,0.11023878417389765,1,0,1,YELLOW
1975-01-31,7.5,6.26,21857.0,525.9956,1.2400000000000002,0,0.10395340354199911,1,0,1,YELLOW
1975-02-28,7.39,5.5,21857.0,524.0059,1.8899999999999997,0,0.08885858774553324,0,0,0,GREEN
1975-03-31,7.73,5.49,21857.0,521.5394,2.24,0,0.06215683622962187,0,0,0,GREEN
1975-04-30,8.23,5.61,21857.0,522.2285,2.62,0,0.04268173008635512,0,0,0,GREEN
1975-05-31,8.06,5.23,21857.0,520.8124,2.83,0,0.0249896283280866,0,0,0,GREEN
1975-06-30,7.86,5.34,21857.0,521.0319,2.5200000000000005,0,0.010722703961926205,0,0,0,GREEN
1975-07-31,8.06,6.13,21857.0,519.876,1.9300000000000006,0,-0.005280541440138675,0,0,0,GREEN
1975-08-31,8.4,6.44,21857.0,519.337,1.96,0,-0.010590480893449494,0,0,0,GREEN
1975-09-30,8.43,6.42,21857.0,520.5455,2.01,0,-0.00905422540989309,0,0,0,GREEN
1975-10-31,8.14,5.96,21857.0,521.9478,2.1800000000000006,0,-0.00828732903358187,0,0,0,GREEN
1975-11-30,8.05,5.48,21857.0,525.0498,2.5700000000000003,0,-0.005477876538663828,0,0,0,GREEN
1975-12-31,8.0,5.44,21857.0,531.8799,2.5599999999999996,0,0.0011540340936042615,0,0,0,GREEN
1976-01-31,7.74,4.87,21857.0,524.4983,2.87,0,-0.002846601758645928,0,0,0,GREEN
1976-02-29,7.79,4.88,21857.0,526.143,2.91,0,0.0040783891937095085,0,0,0,GREEN
1976-03-31,7.73,5.0,21857.0,530.1642,2.7300000000000004,0,0.016537197381444324,0,0,0,GREEN
1976-04-30,7.56,4.86,21857.0,532.4004,2.6999999999999993,0,0.019477872234088922,0,0,0,GREEN
1976-05-31,7.9,5.2,21857.0,536.1728,2.7,0,0.02949315338882097,0,0,0,GREEN
1976-06-30,7.86,5.41,21857.0,544.0911,2.45,0,0.044256791186873645,0,0,0,GREEN
1976-07-31,7.83,5.23,21857.0,542.2282,2.5999999999999996,0,0.04299525271410887,0,0,0,GREEN
1976-08-31,7.77,5.14,21857.0,545.7956,2.63,0,0.05094688034936867,0,0,0,GREEN
1976-09-30,7.59,5.08,21857.0,550.6371,2.51,0,0.05780781891304421,0,0,0,GREEN
1976-10-31,7.41,4.92,21857.0,556.2426,2.49,0,0.06570542111682443,0,0,0,GREEN
1976-11-30,7.29,4.75,21857.0,559.2975,2.54,0,0.06522752698886847,0,0,0,GREEN
1976-12-31,6.87,4.35,21857.0,568.6532,2.5200000000000005,0,0.06913835247393241,0,0,0,GREEN
1977-01-31,7.21,4.62,21857.0,566.4782,2.59,0,0.08003820031447195,0,0,0,GREEN
1977-02-28,7.39,4.67,21857.0,570.8971,2.7199999999999998,0,0.08506071543287663,0,0,0,GREEN
1977-03-31,7.46,4.6,21857.0,578.8251,2.8600000000000003,0,0.09178458296505121,0,0,0,GREEN
1977-04-30,7.37,4.54,21857.0,586.1248,2.83,0,0.10090976640889093,1,0,1,YELLOW
1977-05-31,7.46,4.96,21857.0,593.1342,2.5,0,0.10623701911025685,1,0,1,YELLOW
1977-06-30,7.28,5.02,21857.0,601.8468,2.2600000000000007,0,0.10615078982177817,1,0,1,YELLOW
1977-07-31,7.33,5.19,21857.0,607.0673,2.1399999999999997,0,0.11957898906770259,1,0,1,YELLOW
1977-08-31,7.4,5.49,21857.0,615.8453,1.9100000000000001,0,0.12834420064947372,1,0,1,YELLOW
1977-09-30,7.34,5.81,21857.0,622.7093,1.5300000000000002,0,0.13088874687157825,1,0,1,YELLOW
1977-10-31,7.52,6.16,21857.0,629.531,1.3599999999999994,0,0.1317561797676048,1,0,1,YELLOW
1977-11-30,7.58,6.1,21857.0,636.739,1.4800000000000004,0,0.13846208860221987,1,0,1,YELLOW
1977-12-31,7.69,6.07,21857.0,647.3474,1.62,0,0.13838698173157216,1,0,1,YELLOW
1978-01-31,7.96,6.44,21857.0,649.7086,1.5199999999999996,0,0.1469260423437302,1,0,1,YELLOW
1978-02-28,8.03,6.45,21857.0,654.3362,1.5799999999999992,0,0.1461543595159267,1,0,1,YELLOW
1978-03-31,8.04,6.29,21857.0,668.3848,1.7499999999999991,0,0.1547267041460365,1,0,1,YELLOW
1978-04-30,8.15,6.29,21857.0,676.2179,1.8600000000000003,0,0.15370975601100634,1,0,1,YELLOW
1978-05-31,8.35,6.41,21857.0,690.9734,1.9399999999999995,0,0.16495288924496343,1,0,1,YELLOW
1978-06-30,8.46,6.73,21857.0,700.9812,1.7300000000000004,0,0.1647170010707042,1,0,1,YELLOW
1978-07-31,8.64,7.01,21857.0,708.0413,1.6300000000000008,0,0.16633081702802954,1,0,1,YELLOW
1978-08-31,8.41,7.08,21857.0,715.5906,1.33,0,0.16196486357856443,1,0,1,YELLOW
1978-09-30,8.42,7.85,21857.0,727.1127,0.5700000000000003,0,0.16765993377648303,1,0,1,YELLOW
1978-10-31,8.64,7.99,21857.0,735.5919,0.6500000000000004,0,0.16847605598453463,1,0,1,YELLOW
1978-11-30,8.81,8.64,21857.0,748.9072,0.16999999999999993,0,0.17616040481264683,1,0,1,YELLOW
1978-12-31,9.01,9.08,21857.0,760.0423,-0.07000000000000028,1,0.17408720572601344,1,0,2,RED
1979-01-31,9.1,9.35,21857.0,760.8882,-0.25,1,0.1711222538842796,1,0,2,RED
1979-02-28,9.1,9.32,21857.0,767.8526,-0.22000000000000064,1,0.17348329497894222,1,0,2,RED
1979-03-31,9.12,9.48,21857.0,778.4001,-0.3600000000000012,1,0.16459874611152125,1,0,2,RED
1979-04-30,9.18,9.46,21857.0,789.7095,-0.28000000000000114,1,0.16783288345369152,1,0,2,RED
1979-05-31,9.25,9.61,21857.0,801.8785,-0.35999999999999943,1,0.16050559978141,1,0,2,RED
1979-06-30,8.91,9.06,21857.0,815.9229,-0.15000000000000036,1,0.16397258585536978,1,0,2,RED
1979-07-31,8.95,9.24,21857.0,827.0533,-0.2900000000000009,1,0.16808624016706375,1,0,2,RED
1979-08-31,9.03,9.52,21857.0,833.7022,-0.4900000000000002,1,0.16505471145093287,1,0,2,RED
1979-09-30,9.33,10.26,21857.0,846.1748,-0.9299999999999997,1,0.16374641785241817,1,0,2,RED
1979-10-31,10.3,11.7,21857.0,848.904,-1.3999999999999986,1,0.15404207142574577,1,0,2,RED
1979-11-30,10.65,11.79,21857.0,845.1818,-1.1399999999999988,1,0.128553444271867,1,0,2,RED
1979-12-31,10.39,12.04,21857.0,853.9837,-1.6499999999999986,1,0.12360022593479347,1,0,2,RED
1980-01-31,10.8,12.0,21857.0,858.2544,-1.1999999999999993,1,0.12796387169626233,1,0,2,RED
1980-02-29,12.41,12.86,21857.0,870.4428,-0.4499999999999993,1,0.13360663231458747,1,0,2,RED
1980-03-31,12.75,15.2,21857.0,876.5214,-2.4499999999999993,1,0.12605509685828675,1,0,2,RED
1980-04-30,11.47,13.2,21857.0,875.2245,-1.7299999999999986,1,0.10828665477621824,1,0,2,RED
1980-05-31,10.18,8.58,21857.0,869.172,1.5999999999999996,0,0.08391982077085247,0,0,0,GREEN
1980-06-30,9.78,7.07,21857.0,867.0879,2.709999999999999,0,0.06270813087854243,0,0,0,GREEN
1980-07-31,10.25,8.06,21857.0,870.8815,2.1899999999999995,0,0.05299319886638498,0,0,0,GREEN
1980-08-31,11.1,9.13,21857.0,878.3948,1.9699999999999989,0,0.053607391224348655,0,0,0,GREEN
1980-09-30,11.51,10.27,21857.0,881.6621,1.2400000000000002,0,0.04193849781392678,0,0,0,GREEN
1980-10-31,11.75,11.62,21857.0,896.0304,0.13000000000000078,0,0.0555144044556275,0,0,0,GREEN
1980-11-30,12.68,13.73,21857.0,907.6214,-1.0500000000000007,1,0.07387712324141393,0,0,1,YELLOW
1980-12-31,12.84,15.49,21857.0,914.9793,-2.6500000000000004,1,0.07142478246364647,0,0,1,YELLOW
1981-01-31,12.57,15.02,21857.0,921.1815,-2.4499999999999993,1,0.07331986879414765,0,0,1,YELLOW
1981-02-28,13.19,14.79,21857.0,923.6717,-1.5999999999999996,1,0.061151519663325216,0,0,1,YELLOW
1981-03-31,13.12,13.36,21857.0,926.0371,-0.2400000000000002,1,0.05649114784875775,0,0,1,YELLOW
1981-04-30,13.68,13.69,21857.0,936.9303,-0.009999999999999787,1,0.07050282527511498,0,0,1,YELLOW
1981-05-31,14.1,16.3,21857.0,947.2312,-2.200000000000001,1,0.0898086914902918,0,0,1,YELLOW
1981-06-30,13.47,14.73,21857.0,953.0906,-1.2599999999999998,1,0.09918567656174182,0,0,1,YELLOW
1981-07-31,14.28,14.95,21857.0,961.0671,-0.6699999999999999,1,0.10355668365902826,1,0,2,RED
1981-08-31,14.94,15.51,21857.0,967.2444,-0.5700000000000003,1,0.10114996127026243,1,0,2,RED
1981-09-30,15.32,14.7,21857.0,977.7136,0.620000000000001,0,0.10894366447191062,1,0,1,YELLOW
1981-10-31,15.15,13.54,21857.0,976.7286,1.6100000000000012,0,0.09006189968554645,0,0,0,GREEN
1981-11-30,13.39,10.86,21857.0,986.5682,2.530000000000001,0,0.08698208305797994,0,0,0,GREEN
1981-12-31,13.72,10.85,21857.0,978.4783,2.870000000000001,0,0.0693993842265066,0,0,0,GREEN
1982-01-31,14.59,12.28,21857.0,988.3518,2.3100000000000005,0,0.07291755207849926,0,0,0,GREEN
1982-02-28,14.43,13.48,21857.0,999.0081,0.9499999999999993,0,0.08156187961588524,0,0,0,GREEN
1982-03-31,13.86,12.68,21857.0,1007.3225,1.1799999999999997,0,0.08777769270799185,0,0,0,GREEN
1982-04-30,13.87,12.7,21857.0,1012.9009,1.17,0,0.08108458014432873,0,0,0,GREEN
1982-05-31,13.62,12.09,21857.0,1024.8039,1.5299999999999994,0,0.08189415635802555,0,0,0,GREEN
1982-06-30,14.3,12.47,21857.0,1029.0985,1.83,0,0.07974887172321288,0,0,0,GREEN
1982-07-31,13.95,11.35,21857.0,1034.5305,2.5999999999999996,0,0.07643940782074443,0,0,0,GREEN
1982-08-31,13.06,8.68,21857.0,1037.2978,4.380000000000001,0,0.07242574885933695,0,0,0,GREEN
1982-09-30,12.34,7.92,21857.0,1044.7932,4.42,0,0.06860863958525276,0,0,0,GREEN
1982-10-31,10.91,7.71,21857.0,1050.0604,3.2,0,0.07507899328431678,0,0,0,GREEN
1982-11-30,10.55,8.07,21857.0,1047.7692,2.4800000000000004,0,0.06203423138917308,0,0,0,GREEN
1982-12-31,10.54,7.94,21857.0,1045.7691,2.5999999999999988,0,0.06877086594562187,0,0,0,GREEN
1983-01-31,10.46,7.86,21857.0,1056.7632,2.6000000000000005,0,0.06921766116073247,0,0,0,GREEN
1983-02-28,10.72,8.11,21857.0,1054.5771,2.610000000000001,0,0.05562417361781136,0,0,0,GREEN
1983-03-31,10.51,8.35,21857.0,1063.6204,2.16,0,0.055888655321409075,0,0,0,GREEN
1983-04-30,10.4,8.21,21857.0,1064.6518,2.1899999999999995,0,0.05109177018205835,0,0,0,GREEN
1983-05-31,10.38,8.19,21857.0,1068.3041,2.1900000000000013,0,0.0424473404131267,0,0,0,GREEN
1983-06-30,10.85,8.79,21857.0,1077.5261,2.0600000000000005,0,0.047058274790994226,0,0,0,GREEN
1983-07-31,11.38,9.08,21857.0,1089.3536,2.3000000000000007,0,0.05299321769633658,0,0,0,GREEN
1983-08-31,11.85,9.34,21857.0,1100.7614,2.51,0,0.061181658729055455,0,0,0,GREEN
1983-09-30,11.65,9.0,21857.0,1104.962,2.6500000000000004,0,0.05758919564177867,0,0,0,GREEN
1983-10-31,11.54,8.64,21857.0,1119.0331,2.8999999999999986,0,0.06568450729119957,0,0,0,GREEN
1983-11-30,11.69,8.76,21857.0,1130.1148,2.9299999999999997,0,0.07859135389740413,0,0,0,GREEN
1983-12-31,11.83,9.0,21857.0,1137.065,2.83,0,0.08730024629719901,0,0,0,GREEN
1984-01-31,11.67,8.9,21857.0,1143.2398,2.7699999999999996,0,0.0818315777839349,0,0,0,GREEN
1984-02-29,11.84,9.09,21857.0,1166.3845,2.75,0,0.10602107707440256,1,0,1,YELLOW
1984-03-31,12.32,9.52,21857.0,1173.2553,2.8000000000000007,0,0.10307709404595844,1,0,1,YELLOW
1984-04-30,12.63,9.69,21857.0,1193.1479,2.9400000000000013,0,0.12069307542616259,1,0,1,YELLOW
1984-05-31,13.41,9.83,21857.0,1210.7591,3.58,0,0.13334686256469475,1,0,1,YELLOW
1984-06-30,13.56,9.87,21857.0,1222.6509,3.6900000000000013,0,0.13468332692822949,1,0,1,YELLOW
1984-07-31,13.36,10.12,21857.0,1238.0131,3.24,0,0.13646579035494066,1,0,1,YELLOW
1984-08-31,12.72,10.47,21857.0,1244.2182,2.25,0,0.13032506408745803,1,0,1,YELLOW
1984-09-30,12.52,10.37,21857.0,1254.6898,2.1500000000000004,0,0.13550493139130593,1,0,1,YELLOW
1984-10-31,12.16,9.74,21857.0,1274.869,2.42,0,0.13925941958285226,1,0,1,YELLOW
1984-11-30,11.57,8.61,21857.0,1279.1076,2.960000000000001,0,0.13183864152562208,1,0,1,YELLOW
1984-12-31,11.5,8.06,21857.0,1296.5213,3.4399999999999995,0,0.1402349909635774,1,0,1,YELLOW
1985-01-31,11.38,7.76,21857.0,1305.2298,3.620000000000001,0,0.14169380737094706,1,0,1,YELLOW
1985-02-28,11.51,8.27,21857.0,1319.6303,3.24,0,0.13138531933509068,1,0,1,YELLOW
1985-03-31,11.86,8.52,21857.0,1330.3855,3.34,0,0.1339266909768062,1,0,1,YELLOW
1985-04-30,11.43,7.95,21857.0,1329.5725,3.4799999999999995,0,0.11434005792576096,1,0,1,YELLOW
1985-05-31,10.85,7.48,21857.0,1341.0054,3.369999999999999,0,0.10757408306904326,1,0,1,YELLOW
1985-06-30,10.16,6.95,21857.0,1353.3763,3.21,0,0.10691964484711036,1,0,1,YELLOW
1985-07-31,10.31,7.08,21857.0,1368.7027,3.2300000000000004,0,0.10556398797395605,1,0,1,YELLOW
1985-08-31,10.33,7.14,21857.0,1373.2513,3.1900000000000004,0,0.10370616665147625,1,0,1,YELLOW
1985-09-30,10.37,7.1,21857.0,1387.5086,3.2699999999999996,0,0.10585787817833525,1,0,1,YELLOW
1985-10-31,10.24,7.16,21857.0,1393.7832,3.08,0,0.09327562282869861,0,0,0,GREEN
1985-11-30,9.78,7.24,21857.0,1411.2826,2.539999999999999,0,0.10333376175702491,1,0,1,YELLOW
1985-12-31,9.26,7.1,21857.0,1417.6933,2.16,0,0.0934593207223049,0,0,0,GREEN
1986-01-31,9.19,7.07,0.0,1427.7485,2.119999999999999,0,0.09386753198555531,0,0,0,GREEN
1986-02-28,8.7,7.06,0.0,1436.1377,1.6399999999999997,0,0.08828790912121365,0,0,0,GREEN
1986-03-31,7.78,6.56,0.0,1453.4551,1.2200000000000006,0,0.09250672079634037,0,0,0,GREEN
1986-04-30,7.3,6.06,0.0,1462.9101,1.2400000000000002,0,0.10028606939448581,1,0,1,YELLOW
1986-05-31,7.71,6.15,0.0,1466.9883,1.5599999999999996,0,0.09394660155730916,0,0,0,GREEN
1986-06-30,7.8,6.21,0.0,1476.6059,1.5899999999999999,0,0.09105346384446089,0,0,0,GREEN
1986-07-31,7.3,5.83,0.0,1487.313,1.4699999999999998,0,0.08665892161972066,0,0,0,GREEN
1986-08-31,7.17,5.53,0.0,1501.5173,1.6399999999999997,0,0.09340315206692318,0,0,0,GREEN
1986-09-30,7.45,5.21,0.0,1505.7337,2.24,0,0.085206751150948,0,0,0,GREEN
1986-10-31,7.43,5.18,0.0,1509.2861,2.25,0,0.08287006185753998,0,0,0,GREEN
1986-11-30,7.25,5.35,0.0,1533.1157,1.9000000000000004,0,0.08632792610069728,0,0,0,GREEN
1986-12-31,7.11,5.53,0.0,1581.0592,1.58,0,0.11523359812732425,1,0,1,YELLOW
1987-01-31,7.08,5.43,0.0,1578.3757,1.6500000000000004,0,0.10549981316737522,1,0,1,YELLOW
1987-02-28,7.25,5.59,0.0,1579.2254,1.6600000000000001,0,0.09963369111471687,0,0,0,GREEN
1987-03-31,7.25,5.59,0.0,1587.1018,1.6600000000000001,0,0.09195103446952024,0,0,0,GREEN
1987-04-30,8.02,5.64,0.0,1606.7577,2.38,0,0.09832976065993404,0,0,0,GREEN
1987-05-31,8.61,5.66,0.0,1611.7006,2.9499999999999993,0,0.09864584468737747,0,0,0,GREEN
1987-06-30,8.4,5.67,0.0,1617.6641,2.7300000000000004,0,0.09552867152975608,0,0,0,GREEN
1987-07-31,8.45,5.69,0.0,1621.6722,2.759999999999999,0,0.09033686924003215,0,0,0,GREEN
1987-08-31,8.76,6.04,0.0,1631.4529,2.7199999999999998,0,0.08653619908342058,0,0,0,GREEN
1987-09-30,9.42,6.4,0.0,1658.3211,3.0199999999999996,0,0.10133757383526709,1,0,1,YELLOW
1987-10-31,9.52,6.13,0.0,1667.6679,3.3899999999999997,0,0.10493822211706583,1,0,1,YELLOW
1987-11-30,8.86,5.69,0.0,1662.3497,3.169999999999999,0,0.08429500787187805,0,0,0,GREEN
1987-12-31,8.99,5.77,0.0,1674.0507,3.2200000000000006,0,0.05881595072467882,0,0,0,GREEN
1988-01-31,8.67,5.81,0.0,1688.6959,2.8600000000000003,0,0.06989476586594678,0,0,0,GREEN
1988-02-29,8.21,5.66,0.0,1694.8214,2.5500000000000007,0,0.07319791082387606,0,0,0,GREEN
1988-03-31,8.37,5.7,0.0,1710.8591,2.669999999999999,0,0.0779769136422126,0,0,0,GREEN
1988-04-30,8.72,5.91,0.0,1726.689,2.8100000000000005,0,0.07464180815813104,0,0,0,GREEN
1988-05-31,9.09,6.26,0.0,1742.4153,2.83,0,0.08110358710544618,0,0,0,GREEN
1988-06-30,8.92,6.46,0.0,1758.9218,2.46,0,0.08732202192037275,0,0,0,GREEN
1988-07-31,9.06,6.73,0.0,1770.3746,2.33,0,0.09169695330535976,0,0,0,GREEN
1988-08-31,9.26,7.06,0.0,1781.7398,2.2,0,0.09211844240186151,0,0,0,GREEN
1988-09-30,8.98,7.24,0.0,1786.3769,1.7400000000000002,0,0.07722014753355078,0,0,0,GREEN
1988-10-31,8.8,7.35,0.0,1796.4519,1.450000000000001,0,0.07722400844916422,0,0,0,GREEN
1988-11-30,8.96,7.76,0.0,1814.4655,1.200000000000001,0,0.09150649830177127,0,0,0,GREEN
1988-12-31,9.11,8.07,0.0,1819.257,1.0399999999999991,0,0.0867394876391736,0,0,0,GREEN
1989-01-31,9.09,8.27,0.0,1831.0723,0.8200000000000003,0,0.08431145003668217,0,0,0,GREEN
1989-02-28,9.17,8.53,0.0,1848.8786,0.6400000000000006,0,0.09089878142912289,0,0,0,GREEN
1989-03-31,9.36,8.82,0.0,1858.5695,0.5399999999999991,0,0.08633697538271856,0,0,0,GREEN
1989-04-30,9.18,8.65,0.0,1874.2248,0.5299999999999994,0,0.0854443388473547,0,0,0,GREEN
1989-05-31,8.86,8.43,0.0,1890.3939,0.4299999999999997,0,0.08492728455724663,0,0,0,GREEN
1989-06-30,8.28,8.15,0.0,1896.4672,0.129999999999999,0,0.0781987010451517,0,0,0,GREEN
1989-07-31,8.02,7.88,0.0,1925.9579,0.13999999999999968,0,0.08788157037499289,0,0,0,GREEN
1989-08-31,8.11,7.9,0.0,1933.7698,0.20999999999999908,0,0.08532671268835101,0,0,0,GREEN
1989-09-30,8.19,7.75,0.0,1942.9118,0.4399999999999995,0,0.0876270287641987,0,0,0,GREEN
1989-10-31,8.01,7.64,0.0,1959.0254,0.3700000000000001,0,0.09049699577261161,0,0,0,GREEN
1989-11-30,7.87,7.69,0.0,1963.8685,0.17999999999999972,0,0.08233995080093837,0,0,0,GREEN
1989-12-31,7.84,7.63,0.0,1967.1783,0.20999999999999996,0,0.08130863313979275,0,0,0,GREEN
1990-01-31,8.21,7.64,0.0,1976.3942,0.5700000000000012,0,0.07936437026544496,0,0,0,GREEN
1990-02-28,8.47,7.74,0.0,1985.1471,0.7300000000000004,0,0.07370332481537734,0,0,0,GREEN
1990-03-31,8.59,7.9,0.0,1992.0194,0.6899999999999995,0,0.07180248034846137,0,0,0,GREEN
1990-04-30,8.79,7.77,0.0,2001.5011,1.0199999999999996,0,0.0679087695350098,0,0,0,GREEN
1990-05-31,8.76,7.74,0.0,2006.9745,1.0199999999999996,0,0.06167000433084335,0,0,0,GREEN
1990-06-30,8.48,7.73,0.0,2018.5106,0.75,0,0.06435302440242574,0,0,0,GREEN
1990-07-31,8.47,7.62,0.0,2022.3517,0.8500000000000005,0,0.05004979600021353,0,0,0,GREEN
1990-08-31,8.75,7.45,0.0,2025.9341,1.2999999999999998,0,0.04766042990225605,0,0,0,GREEN
1990-09-30,8.89,7.36,0.0,2031.0509,1.5300000000000002,0,0.045364437026940596,0,0,0,GREEN
1990-10-31,8.72,7.17,0.0,2041.8187,1.5500000000000007,0,0.04226249440155305,0,0,0,GREEN
1990-11-30,8.39,7.06,0.0,2043.2656,1.330000000000001,0,0.040428928922684904,0,0,0,GREEN
1990-12-31,8.08,6.74,0.0,2054.7627,1.3399999999999999,0,0.04452285794327859,0,0,0,GREEN
1991-01-31,8.09,6.22,0.0,2045.0843,1.87,0,0.03475526289239261,0,0,0,GREEN
1991-02-28,7.85,5.94,0.0,2055.455,1.9099999999999993,0,0.035416972374490596,0,0,0,GREEN
1991-03-31,8.11,5.91,0.0,2057.557,2.1999999999999993,0,0.03290008119398835,0,0,0,GREEN
1991-04-30,8.04,5.65,0.0,2055.9489,2.389999999999999,0,0.027203482426265024,0,0,0,GREEN
1991-05-31,8.07,5.46,0.0,2054.9813,2.6100000000000003,0,0.0239199850321965,0,0,0,GREEN
1991-06-30,8.28,5.57,0.0,2055.3194,2.709999999999999,0,0.01823562383075905,0,0,0,GREEN
1991-07-31,8.27,5.58,0.0,2041.7818,2.6899999999999995,0,0.009607676053576597,0,0,0,GREEN
1991-08-31,7.9,5.33,0.0,2035.6932,2.5700000000000003,0,0.0048170865972392285,0,0,0,GREEN
1991-09-30,7.65,5.22,0.0,2036.8386,2.4300000000000006,0,0.0028496085450149256,0,0,0,GREEN
1991-10-31,7.53,4.99,0.0,2035.3724,2.54,0,-0.003157136331448096,0,0,0,GREEN
1991-11-30,7.42,4.56,0.0,2040.5531,2.8600000000000003,0,-0.0013275317707105438,0,0,0,GREEN
1991-12-31,7.09,4.07,0.0,2046.7822,3.0199999999999996,0,-0.003883903479462658,0,0,0,GREEN
1992-01-31,7.03,3.8,0.0,2043.2603,3.2300000000000004,0,-0.0008918947742154737,0,0,0,GREEN
1992-02-29,7.34,3.84,0.0,2036.0047,3.5,0,-0.009462771016636173,0,0,0,GREEN
1992-03-31,7.54,4.04,0.0,2038.2983,3.5,0,-0.009359983708835173,0,0,0,GREEN
1992-04-30,7.48,3.75,0.0,2037.3612,3.7300000000000004,0,-0.009040934820899404,0,0,0,GREEN
1992-05-31,7.39,3.63,0.0,2033.8855,3.76,0,-0.010265689522332755,0,0,0,GREEN
1992-06-30,7.26,3.66,0.0,2030.234,3.5999999999999996,0,-0.012205110310348766,0,0,0,GREEN
1992-07-31,6.84,3.21,0.0,2022.624,3.63,0,-0.009382883126884511,0,0,0,GREEN
1992-08-31,6.59,3.13,0.0,2025.4012,3.46,0,-0.00505577166539628,0,0,0,GREEN
1992-09-30,6.42,2.91,0.0,2035.2412,3.51,0,-0.0007842545796216127,0,0,0,GREEN
1992-10-31,6.59,2.86,0.0,2032.82,3.73,0,-0.0012540211314646665,0,0,0,GREEN
1992-11-30,6.87,3.13,0.0,2034.1566,3.74,0,-0.0031346893153626487,0,0,0,GREEN
1992-12-31,6.77,3.22,0.0,2035.9887,3.5499999999999994,0,-0.005273399387585087,0,0,0,GREEN
1993-01-31,6.6,3.0,0.0,2034.3934,3.5999999999999996,0,-0.00433958414402702,0,0,0,GREEN
1993-02-28,6.26,2.93,0.0,2033.764,3.3299999999999996,0,-0.001100537734515128,0,0,0,GREEN
1993-03-31,5.98,2.95,0.0,2035.8697,3.0300000000000002,0,-0.0011914840923921144,0,0,0,GREEN
1993-04-30,5.97,2.87,0.0,2038.6689,3.0999999999999996,0,0.000641859676133949,0,0,0,GREEN
1993-05-31,6.04,2.96,0.0,2053.28,3.08,0,0.00953568920177661,0,0,0,GREEN
1993-06-30,5.96,3.07,0.0,2067.6553,2.89,0,0.018432013255614832,0,0,0,GREEN
1993-07-31,5.81,3.04,0.0,2065.7854,2.7699999999999996,0,0.021339309728352962,0,0,0,GREEN
1993-08-31,5.68,3.02,0.0,2071.7308,2.6599999999999997,0,0.022874282882818342,0,0,0,GREEN
1993-09-30,5.36,2.95,0.0,2078.9726,2.41,0,0.021487084675762214,0,0,0,GREEN
1993-10-31,5.33,3.02,0.0,2082.6948,2.31,0,0.024534784191418968,0,0,0,GREEN
1993-11-30,5.72,3.1,0.0,2089.2757,2.6199999999999997,0,0.02709678301070828,0,0,0,GREEN
1993-12-31,5.77,3.06,0.0,2103.6455,2.7099999999999995,0,0.03323043983495588,0,0,0,GREEN
1994-01-31,5.75,2.98,0.0,2104.5534,2.77,0,0.034486938465293715,0,0,0,GREEN
1994-02-28,5.97,3.25,0.0,2108.8349,2.7199999999999998,0,0.036912296608652806,0,0,0,GREEN
1994-03-31,6.48,3.5,0.0,2134.7042,2.9800000000000004,0,0.04854657446888666,0,0,0,GREEN
1994-04-30,6.97,3.68,0.0,2141.8596,3.2899999999999996,0,0.05061670386986328,0,0,0,GREEN
1994-05-31,7.18,4.14,0.0,2151.5684,3.04,0,0.047868970622613416,0,0,0,GREEN
1994-06-30,7.1,4.14,0.0,2165.099,2.96,0,0.04712763292798372,0,0,0,GREEN
1994-07-31,7.3,4.33,0.0,2192.3183,2.9699999999999998,0,0.061251715691281294,0,0,0,GREEN
1994-08-31,7.24,4.48,0.0,2214.6165,2.76,0,0.06896924059824783,0,0,0,GREEN
1994-09-30,7.46,4.62,0.0,2224.9573,2.84,0,0.07021963637231199,0,0,0,GREEN
1994-10-31,7.74,4.95,0.0,2244.4906,2.79,0,0.07768579438523582,0,0,0,GREEN
1994-11-30,7.96,5.29,0.0,2267.9084,2.67,0,0.08549982178034221,0,0,0,GREEN
1994-12-31,7.81,5.6,0.0,2290.4594,2.21,0,0.08880483902824876,0,0,0,GREEN
1995-01-31,7.78,5.71,0.0,2313.5713,2.0700000000000003,0,0.09931698573198489,0,0,0,GREEN
1995-02-28,7.47,5.77,0.0,2333.2622,1.7000000000000002,0,0.10642241362754401,1,0,1,YELLOW
1995-03-31,7.2,5.73,0.0,2357.2801,1.4699999999999998,0,0.10426545279669175,1,0,1,YELLOW
1995-04-30,7.06,5.65,0.0,2376.9045,1.4099999999999993,0,0.10973870556221343,1,0,1,YELLOW
1995-05-31,6.63,5.67,0.0,2404.9183,0.96,0,0.11775126461236352,1,0,1,YELLOW
1995-06-30,6.17,5.47,0.0,2418.128,0.7000000000000002,0,0.11686717327937424,1,0,1,YELLOW
1995-07-31,6.28,5.42,0.0,2445.8668,0.8600000000000003,0,0.11565314215549805,1,0,1,YELLOW
1995-08-31,6.49,5.4,0.0,2458.4967,1.0899999999999999,0,0.11012299420689775,1,0,1,YELLOW
1995-09-30,6.2,5.28,0.0,2478.212,0.9199999999999999,0,0.1138245214863225,1,0,1,YELLOW
1995-10-31,6.04,5.28,0.0,2479.4509,0.7599999999999998,0,0.10468312943703117,1,0,1,YELLOW
1995-11-30,5.93,5.36,0.0,2492.6115,0.5699999999999994,0,0.0990794425383319,0,0,0,GREEN
1995-12-31,5.71,5.14,0.0,2513.4158,0.5700000000000003,0,0.09734134558333585,0,0,0,GREEN
1996-01-31,5.65,5.0,0.0,2529.3807,0.6500000000000004,0,0.09327977054348846,0,0,0,GREEN
1996-02-29,5.81,4.83,0.0,2538.8705,0.9799999999999995,0,0.08812052927442093,0,0,0,GREEN
1996-03-31,6.27,4.96,0.0,2552.4494,1.3099999999999996,0,0.08279427633568037,0,0,0,GREEN
1996-04-30,6.51,4.95,0.0,2566.1423,1.5599999999999996,0,0.07961523064977993,0,0,0,GREEN
1996-05-31,6.74,5.02,0.0,2567.0394,1.7200000000000006,0,0.06741231084648502,0,0,0,GREEN
1996-06-30,6.91,5.09,0.0,2588.5364,1.8200000000000003,0,0.07047120747950464,0,0,0,GREEN
1996-07-31,6.87,5.15,0.0,2587.2338,1.7199999999999998,0,0.057798323277457486,0,0,0,GREEN
1996-08-31,6.64,5.05,0.0,2607.1526,1.5899999999999999,0,0.060466178376403557,0,0,0,GREEN
1996-09-30,6.83,5.09,0.0,2632.8203,1.7400000000000002,0,0.06238703549171731,0,0,0,GREEN
1996-10-31,6.53,4.99,0.0,2653.0677,1.54,0,0.07002227791645321,0,0,0,GREEN
1996-11-30,6.2,5.03,0.0,2683.385,1.17,0,0.07653559329241655,0,0,0,GREEN
1996-12-31,6.3,4.91,0.0,2699.1069,1.3899999999999997,0,0.0738799764050182,0,0,0,GREEN
1997-01-31,6.58,5.03,0.0,2713.2432,1.5499999999999998,0,0.07269071832484508,0,0,0,GREEN
1997-02-28,6.42,5.01,0.0,2730.3806,1.4100000000000001,0,0.0754312203005234,0,0,0,GREEN
1997-03-31,6.69,5.14,0.0,2754.5486,1.5500000000000007,0,0.0791785333726891,0,0,0,GREEN
1997-04-30,6.89,5.16,0.0,2791.5062,1.7299999999999995,0,0.08782205881567817,0,0,0,GREEN
1997-05-31,6.71,5.05,0.0,2805.2826,1.6600000000000001,0,0.09280854824433149,0,0,0,GREEN
1997-06-30,6.49,4.93,0.0,2822.1583,1.5600000000000005,0,0.09025250716968869,0,0,0,GREEN
1997-07-31,6.22,5.05,0.0,2842.4145,1.17,0,0.0986307074374182,0,0,0,GREEN
1997-08-31,6.3,5.14,0.0,2853.8227,1.1600000000000001,0,0.09461283547422594,0,0,0,GREEN
1997-09-30,6.21,4.95,0.0,2860.6182,1.2599999999999998,0,0.08652238817818292,0,0,0,GREEN
1997-10-31,6.03,4.97,0.0,2874.6436,1.0600000000000005,0,0.08351686615460285,0,0,0,GREEN
1997-11-30,5.88,5.14,0.0,2892.1249,0.7400000000000002,0,0.07778976926531223,0,0,0,GREEN
1997-12-31,5.81,5.16,0.0,2907.3195,0.6499999999999995,0,0.07714129440371553,0,0,0,GREEN
1998-01-31,5.54,5.04,0.0,2923.473,0.5,0,0.07748284414755013,0,0,0,GREEN
1998-02-28,5.57,5.09,0.0,2948.9235,0.4800000000000004,0,0.08004118546696382,0,0,0,GREEN
1998-03-31,5.65,5.03,0.0,2966.5932,0.6200000000000001,0,0.0769797998844528,0,0,0,GREEN
1998-04-30,5.64,4.95,0.0,2984.6022,0.6899999999999995,0,0.0691726925055729,0,0,0,GREEN
1998-05-31,5.65,5.0,0.0,2997.1789,0.6500000000000004,0,0.06840533641779967,0,0,0,GREEN
1998-06-30,5.5,4.98,0.0,3017.6386,0.5199999999999996,0,0.0692662420814596,0,0,0,GREEN
1998-07-31,5.46,4.96,0.0,3034.0815,0.5,0,0.06743105201581256,0,0,0,GREEN
1998-08-31,5.34,4.9,0.0,3057.9607,0.4399999999999995,0,0.07153142344827512,0,0,0,GREEN
1998-09-30,4.81,4.61,0.0,3073.6021,0.1999999999999993,0,0.07445380162931214,0,0,0,GREEN
1998-10-31,4.53,3.96,0.0,3116.2594,0.5700000000000003,0,0.0840506976238724,0,0,0,GREEN
1998-11-30,4.83,4.41,0.0,3137.454,0.41999999999999993,0,0.08482659237849655,0,0,0,GREEN
1998-12-31,4.65,4.39,0.0,3143.0589,0.2600000000000007,0,0.08108479305422045,0,0,0,GREEN
1999-01-31,4.72,4.34,0.0,3141.3875,0.3799999999999999,0,0.0745395972529932,0,0,0,GREEN
1999-02-28,5.0,4.44,0.0,3141.3348,0.5599999999999996,0,0.06524797947454397,0,0,0,GREEN
1999-03-31,5.23,4.44,0.0,3170.2875,0.79,0,0.06866270036619793,0,0,0,GREEN
1999-04-30,5.18,4.29,0.0,3172.9218,0.8899999999999997,0,0.0630970519287295,0,0,0,GREEN
1999-05-31,5.54,4.5,0.0,3181.1713,1.04,0,0.061388527725188435,0,0,0,GREEN
1999-06-30,5.9,4.57,0.0,3206.4288,1.33,0,0.06256222995026639,0,0,0,GREEN
1999-07-31,5.79,4.55,0.0,3215.7435,1.2400000000000002,0,0.059873803653593516,0,0,0,GREEN
1999-08-31,5.94,4.72,0.0,3234.8932,1.2200000000000006,0,0.057859638287699244,0,0,0,GREEN
1999-09-30,5.92,4.68,0.0,3269.4845,1.2400000000000002,0,0.06373056551464473,0,0,0,GREEN
1999-10-31,6.11,4.86,0.0,3288.8472,1.25,0,0.05538300181300704,0,0,0,GREEN
1999-11-30,6.03,5.07,0.0,3327.7889,0.96,0,0.0606653993970907,0,0,0,GREEN
1999-12-31,6.28,5.2,0.0,3373.1792,1.08,0,0.07321539535896071,0,0,0,GREEN
2000-01-31,6.66,5.32,0.0,3400.9007,1.3399999999999999,0,0.08261101185383857,0,0,0,GREEN
2000-02-29,6.52,5.55,0.0,3425.5885,0.9699999999999998,0,0.09048818992486884,0,0,0,GREEN
2000-03-31,6.26,5.69,0.0,3460.477,0.5699999999999994,0,0.09153412742535183,0,0,0,GREEN
2000-04-30,5.99,5.66,0.0,3510.5678,0.33000000000000007,0,0.10641485081668245,1,0,1,YELLOW
2000-05-31,6.44,5.79,0.0,3554.3454,0.6500000000000004,0,0.11730713778286628,1,0,1,YELLOW
2000-06-30,6.1,5.69,0.0,3581.9801,0.40999999999999925,0,0.11712447817334981,1,0,1,YELLOW
2000-07-31,6.05,5.96,0.0,3607.819,0.08999999999999986,0,0.12192374796061944,1,0,1,YELLOW
2000-08-31,5.83,6.09,0.0,3626.3253,-0.2599999999999998,1,0.12100309834030987,1,0,2,RED
2000-09-30,5.8,6.0,0.0,3654.3034,-0.20000000000000018,1,0.11770017566989521,1,0,2,RED
2000-10-31,5.74,6.11,0.0,3654.4894,-0.3700000000000001,1,0.11117640247926386,1,0,2,RED
2000-11-30,5.72,6.17,0.0,3673.6256,-0.4500000000000002,1,0.10392386969017164,1,0,2,RED
2000-12-31,5.24,5.77,0.0,3703.2913,-0.5299999999999994,1,0.09786378974470122,0,0,1,YELLOW
2001-01-31,5.16,5.15,0.0,3722.1943,0.009999999999999787,0,0.09447309061390707,0,0,0,GREEN
2001-02-28,5.1,4.88,0.0,3740.5271,0.21999999999999975,0,0.09193707884061375,0,0,0,GREEN
2001-03-31,4.89,4.42,0.0,3740.3289,0.46999999999999975,0,0.08087090305758426,0,0,0,GREEN
2001-04-30,5.14,3.87,0.0,3754.3478,1.2699999999999996,0,0.06944175811103848,0,0,0,GREEN
2001-05-31,5.39,3.62,0.0,3763.1027,1.7699999999999996,0,0.05873298076208333,0,0,0,GREEN
2001-06-30,5.28,3.49,0.0,3755.3351,1.79,0,0.04839641627266422,0,0,0,GREEN
2001-07-31,5.24,3.51,0.0,3739.5983,1.7300000000000004,0,0.036526028606202354,0,0,0,GREEN
2001-08-31,4.97,3.36,0.0,3722.7605,1.6099999999999999,0,0.026593091358902532,0,0,0,GREEN
2001-09-30,4.73,2.64,0.0,3763.5241,2.0900000000000003,0,0.029888240806715816,0,0,0,GREEN
2001-10-31,4.57,2.16,0.0,3740.1808,2.41,0,0.023448255178958766,0,0,0,GREEN
2001-11-30,4.65,1.87,0.0,3756.8414,2.7800000000000002,0,0.02265222672664291,0,0,0,GREEN
2001-12-31,5.09,1.69,0.0,3753.9188,3.4,0,0.01367094724630502,0,0,0,GREEN
2002-01-31,5.04,1.65,0.0,3740.3836,3.39,0,0.004886714269590975,0,0,0,GREEN
2002-02-28,4.91,1.72,0.0,3755.0285,3.1900000000000004,0,0.0038768332944305595,0,0,0,GREEN
2002-03-31,5.28,1.79,0.0,3763.6937,3.49,0,0.006246723383069197,0,0,0,GREEN
2002-04-30,5.21,1.71,0.0,3759.6423,3.5,0,0.001410231625317282,0,0,0,GREEN
2002-05-31,5.16,1.73,0.0,3753.7627,3.43,0,-0.0024819944457002974,0,0,0,GREEN
2002-06-30,4.93,1.7,0.0,3778.6204,3.2299999999999995,0,0.006200591792727028,0,0,0,GREEN
2002-07-31,4.65,1.68,0.0,3788.1948,2.9700000000000006,0,0.01299511233599615,0,0,0,GREEN
2002-08-31,4.26,1.62,0.0,3830.0877,2.6399999999999997,0,0.02883000397151525,0,0,0,GREEN
2002-09-30,3.87,1.63,0.0,3857.5165,2.24,0,0.024974571041009197,0,0,0,GREEN
2002-10-31,3.94,1.58,0.0,3913.0202,2.36,0,0.04621150934735563,0,0,0,GREEN
2002-11-30,4.05,1.23,0.0,3952.5848,2.82,0,0.05210318433990868,0,0,0,GREEN
2002-12-31,4.03,1.19,10637.0,3972.5465,2.8400000000000003,0,0.05823985857126157,0,0,0,GREEN
2003-01-31,4.05,1.17,28384.0,3985.4629,2.88,0,0.06552250416240724,0,0,0,GREEN
2003-02-28,3.9,1.17,20370.0,4004.9692,2.73,0,0.06656159866696099,0,0,0,GREEN
2003-03-31,3.81,1.13,21000.0,4005.836,2.68,0,0.06433634596779214,0,0,0,GREEN
2003-04-30,3.96,1.13,36342.0,4052.6094,2.83,0,0.07792419507568571,0,0,0,GREEN
2003-05-31,3.57,1.07,26694.0,4072.8867,2.5,0,0.08501443098680683,0,0,0,GREEN
2003-06-30,3.33,0.92,27348.0,4087.5929,2.41,0,0.08176859998956232,0,0,0,GREEN
2003-07-31,3.98,0.9,31056.0,4139.7658,3.08,0,0.09280700137173503,0,0,0,GREEN
2003-08-31,4.45,0.95,22868.0,4155.4586,3.5,0,0.08495129236857935,0,0,0,GREEN
2003-09-30,4.27,0.94,23212.0,4144.7279,3.3299999999999996,0,0.07445500233116298,0,0,0,GREEN
2003-10-31,4.29,0.92,26380.0,4095.1189,3.37,0,0.04653661128557429,0,0,0,GREEN
2003-11-30,4.3,0.93,20430.0,4123.0107,3.3699999999999997,0,0.04311758219583295,0,0,0,GREEN
2003-12-31,4.27,0.9,26584.0,4193.8067,3.3699999999999997,0,0.05569732160466856,0,0,0,GREEN
2004-01-31,4.15,0.88,22732.0,4210.6364,3.2700000000000005,0,0.0564987068377929,0,0,0,GREEN
2004-02-29,4.08,0.93,20384.0,4237.3717,3.15,0,0.0580285361495414,0,0,0,GREEN
2004-03-31,3.83,0.94,27499.0,4290.2218,2.89,0,0.07099287140062671,0,0,0,GREEN
2004-04-30,4.35,0.94,24242.0,4334.9108,3.4099999999999997,0,0.06965916823861673,0,0,0,GREEN
2004-05-31,4.72,1.02,22005.0,4380.685,3.6999999999999997,0,0.07557251715349711,0,0,0,GREEN
2004-06-30,4.73,1.27,27980.0,4414.2338,3.4600000000000004,0,0.07991033060068187,0,0,0,GREEN
2004-07-31,4.5,1.33,19840.0,4433.6528,3.17,0,0.07099121404404074,0,0,0,GREEN
2004-08-31,4.28,1.48,19010.0,4477.9696,2.8000000000000003,0,0.07761140972503022,0,0,0,GREEN
2004-09-30,4.13,1.65,27565.0,4517.4177,2.48,0,0.08991900288556942,0,0,0,GREEN
2004-10-31,4.1,1.76,20196.0,4549.9758,2.34,0,0.11107294100789122,1,0,1,YELLOW
2004-11-30,4.19,2.07,19530.0,4584.046,2.1200000000000006,0,0.11182005906509063,1,0,1,YELLOW
2004-12-31,4.23,2.19,25014.0,4654.7088,2.0400000000000005,0,0.10990065421947093,1,0,1,YELLOW
2005-01-31,4.22,2.33,20828.0,4685.5999,1.8899999999999997,0,0.1128008820709383,1,0,1,YELLOW
2005-02-28,4.17,2.54,20157.0,4738.0487,1.63,0,0.118157441793459,1,0,1,YELLOW
2005-03-31,4.5,2.74,24181.0,4794.5031,1.7599999999999998,0,0.11754201146430221,1,0,1,YELLOW
2005-04-30,4.34,2.78,21258.0,4831.4814,1.56,0,0.11455151510845396,1,0,1,YELLOW
2005-05-31,4.14,2.84,20001.0,4868.5313,1.2999999999999998,0,0.11136301742763965,1,0,1,YELLOW
2005-06-30,4.0,2.97,24947.0,4913.3857,1.0299999999999998,0,0.11307781205426859,1,0,1,YELLOW
2005-07-31,4.18,3.22,18984.0,5000.8923,0.9599999999999995,0,0.12793954005600083,1,0,1,YELLOW
2005-08-31,4.26,3.44,24896.0,5052.1834,0.8199999999999998,0,0.12823083926250844,1,0,1,YELLOW
2005-09-30,4.2,3.42,21444.0,5093.3023,0.7800000000000002,0,0.12748092787611842,1,0,1,YELLOW
2005-10-31,4.46,3.71,19348.0,5124.1127,0.75,0,0.12618460520163644,1,0,1,YELLOW
2005-11-30,4.54,3.88,24702.0,5160.9441,0.6600000000000001,0,0.12584910797142945,1,0,1,YELLOW
2005-12-31,4.47,3.89,20583.0,5236.3643,0.5799999999999996,0,0.12496066348984058,1,0,1,YELLOW
2006-01-31,4.42,4.24,19653.0,5261.9667,0.17999999999999972,0,0.12300811257913846,1,0,1,YELLOW
2006-02-28,4.57,4.43,20706.0,5296.32,0.14000000000000057,0,0.11782726082996975,1,0,1,YELLOW
2006-03-31,4.72,4.51,25129.0,5364.1765,0.20999999999999996,0,0.11881802725291801,1,0,1,YELLOW
2006-04-30,4.99,4.6,20306.0,5418.3249,0.39000000000000057,0,0.12146243593114114,1,0,1,YELLOW
2006-05-31,5.11,4.72,26055.0,5481.0067,0.39000000000000057,0,0.12580290897996282,1,0,1,YELLOW
2006-06-30,5.11,4.79,20134.0,5512.8068,0.3200000000000003,0,0.12199756676948859,1,0,1,YELLOW
2006-07-31,5.09,4.95,20452.0,5552.994,0.13999999999999968,0,0.11040063790215981,1,0,1,YELLOW
2006-08-31,4.88,4.96,24202.0,5591.0333,-0.08000000000000007,1,0.10665683672528603,1,0,2,RED
2006-09-30,4.72,4.81,19673.0,5611.5575,-0.08999999999999986,1,0.1017522953624801,1,0,2,RED
2006-10-31,4.73,4.92,21857.0,5744.8934,-0.1899999999999995,1,0.12114891618211288,1,0,2,RED
2006-11-30,4.6,4.94,24669.0,5808.6199,-0.34000000000000075,1,0.12549560457358955,1,0,2,RED
2006-12-31,4.56,4.85,21106.0,5880.5452,-0.29000000000000004,1,0.12302064239495314,1,0,2,RED
2007-01-31,4.76,4.98,24677.0,5900.1872,-0.22000000000000064,1,0.12128934605382446,1,0,2,RED
2007-02-28,4.72,5.03,19725.0,5933.7624,-0.3100000000000005,1,0.12035571868769268,1,0,2,RED
2007-03-31,4.56,4.94,20161.0,5871.1433,-0.3800000000000008,1,0.0945097164494868,0,0,1,YELLOW
2007-04-30,4.69,4.87,21429.0,5941.2566,-0.17999999999999972,1,0.09651169127934733,0,0,1,YELLOW
2007-05-31,4.75,4.73,34348.0,5992.3095,0.019999999999999574,0,0.09328629355625506,0,0,0,GREEN
2007-06-30,5.1,4.61,20294.0,6045.5388,0.4899999999999993,0,0.09663534735155244,0,0,0,GREEN
2007-07-31,5.0,4.82,18745.0,6096.7478,0.17999999999999972,0,0.09792083333783541,0,0,0,GREEN
2007-08-31,4.67,4.2,24538.0,6214.4476,0.46999999999999975,0,0.11150251957898383,1,0,1,YELLOW
2007-09-30,4.52,3.89,19617.0,6292.6433,0.6299999999999994,0,0.1213719720416302,1,0,1,YELLOW
2007-10-31,4.53,3.9,24885.0,6384.3749,0.6300000000000003,0,0.1113130315002886,1,0,1,YELLOW
2007-11-30,4.15,3.27,20397.0,6430.1602,0.8800000000000003,0,0.10700309379858042,1,0,1,YELLOW
2007-12-31,4.1,3.0,22146.0,6488.7249,1.0999999999999996,0,0.10342233233748477,1,0,1,YELLOW
2008-01-31,3.74,2.75,28995.0,6543.6038,0.9900000000000002,0,0.10905020098345353,1,0,1,YELLOW
2008-02-29,3.74,2.12,19465.0,6587.0213,1.62,0,0.1100918533576607,1,0,1,YELLOW
2008-03-31,3.51,1.26,20824.0,6625.4511,2.25,0,0.12847715708114293,1,0,1,YELLOW
2008-04-30,3.68,1.29,26188.0,6643.5346,2.39,0,0.1182036136934399,1,0,1,YELLOW
2008-05-31,3.88,1.73,19187.0,6613.9529,2.15,0,0.10374020233767967,1,0,1,YELLOW
2008-06-30,4.1,1.86,19689.0,6606.601,2.2399999999999993,0,0.09280598778060933,0,0,0,GREEN
2008-07-31,4.01,1.63,25446.0,6624.741,2.38,0,0.08660243416990276,0,0,0,GREEN
2008-08-31,3.89,1.72,19332.0,6644.3905,2.17,0,0.06918441149942267,0,0,0,GREEN
2008-09-30,3.69,1.13,19498.0,6735.6601,2.56,0,0.07040233791735817,0,0,0,GREEN
2008-10-31,3.81,0.67,147779.0,7007.7221,3.14,0,0.09763637157335481,0,0,0,GREEN
2008-11-30,3.53,0.19,218572.0,6968.7602,3.34,0,0.08376152121373259,0,0,0,GREEN
2008-12-31,2.42,0.03,430372.0,6890.0291,2.39,0,0.06184638834048872,0,0,0,GREEN
2009-01-31,2.52,0.13,194012.0,6907.8211,2.39,0,0.055660047755336395,0,0,0,GREEN
2009-02-28,2.87,0.3,145088.0,6904.1775,2.5700000000000003,0,0.048148652563185124,0,0,0,GREEN
2009-03-31,2.82,0.21,252115.0,6836.7271,2.61,0,0.03188854567200705,0,0,0,GREEN
2009-04-30,2.93,0.16,275470.0,6883.6146,2.77,0,0.03613738987676829,0,0,0,GREEN
2009-05-31,3.29,0.18,239672.0,6851.1735,3.11,0,0.035866690251150635,0,0,0,GREEN
2009-06-30,3.72,0.18,224893.0,6767.5299,3.54,0,0.024358804171767057,0,0,0,GREEN
2009-07-31,3.56,0.18,267215.0,6690.7593,3.38,0,0.009965416006452177,0,0,0,GREEN
2009-08-31,3.59,0.17,175069.0,6613.165,3.42,0,-0.004699528120750918,0,0,0,GREEN
2009-09-30,3.4,0.12,168936.0,6511.0419,3.28,0,-0.03334761503182149,0,0,0,GREEN
2009-10-31,3.39,0.07,191454.0,6450.9849,3.3200000000000003,0,-0.07944624402271883,0,0,0,GREEN
2009-11-30,3.4,0.05,211686.0,6509.7844,3.35,0,-0.0658619018057186,0,0,0,GREEN
2009-12-31,3.59,0.05,360251.0,6428.7285,3.54,0,-0.06695190880979007,0,0,0,GREEN
2010-01-31,3.73,0.06,593671.0,6363.6082,3.67,0,-0.07878213580256155,0,0,0,GREEN
2010-02-28,3.69,0.11,268739.0,6302.7472,3.58,0,-0.0871110715215534,0,0,0,GREEN
2010-03-31,3.73,0.15,230702.0,6717.9372,3.58,0,-0.01737525840398102,0,0,0,GREEN
2010-04-30,3.85,0.16,134007.0,6694.2326,3.69,0,-0.027511999291767397,0,0,0,GREEN
2010-05-31,3.42,0.16,158208.0,6652.0188,3.26,0,-0.0290686989608423,0,0,0,GREEN
2010-06-30,3.2,0.12,181094.0,6627.9717,3.08,0,-0.020621733787980823,0,0,0,GREEN
2010-07-31,3.01,0.16,137156.0,6597.7194,2.8499999999999996,0,-0.013905731147733857,0,0,0,GREEN
2010-08-31,2.7,0.16,110656.0,6598.8315,2.54,0,-0.002167419079971533,0,0,0,GREEN
2010-09-30,2.65,0.15,203469.0,6563.8697,2.5,0,0.00811357088640463,0,0,0,GREEN
2010-10-31,2.54,0.13,168758.0,6559.2491,2.41,0,0.016782584625178565,0,0,0,GREEN
2010-11-30,2.76,0.14,107039.0,6561.3507,2.6199999999999997,0,0.007921352971382634,0,0,0,GREEN
2010-12-31,3.29,0.14,265606.0,6542.2625,3.15,0,0.017660412941688186,0,0,0,GREEN
2011-01-31,3.39,0.15,355155.0,6507.2966,3.24,0,0.022579705645611625,0,0,0,GREEN
2011-02-28,3.58,0.13,265512.0,6489.7651,3.45,0,0.029672441883755063,0,0,0,GREEN
2011-03-31,3.41,0.1,270782.0,6477.6424,3.31,0,-0.03576913460876063,0,0,0,GREEN
2011-04-30,3.46,0.06,257641.0,6485.9427,3.4,0,-0.03111482860634396,0,0,0,GREEN
2011-05-31,3.17,0.04,390326.0,6486.0426,3.13,0,-0.024951252392732326,0,0,0,GREEN
2011-06-30,3.0,0.04,376434.0,6496.0152,2.96,0,-0.019909031898853846,0,0,0,GREEN
2011-07-31,3.0,0.04,294637.0,6522.3752,2.96,0,-0.011419733915934538,0,0,0,GREEN
2011-08-31,2.3,0.02,141610.0,6538.4239,2.28,0,-0.009154287391639038,0,0,0,GREEN
2011-09-30,1.98,0.01,154591.0,6548.1483,1.97,0,-0.0023951419998481382,0,0,0,GREEN
2011-10-31,2.15,0.02,173333.0,6576.0409,2.13,0,0.0025600186460368324,0,0,0,GREEN
2011-11-30,2.01,0.01,212707.0,6603.4395,1.9999999999999998,0,0.006414654836236711,0,0,0,GREEN
2011-12-31,1.98,0.01,260822.0,6616.8194,1.97,0,0.011396195123628994,0,0,0,GREEN
2012-01-31,1.97,0.03,354626.0,6630.7799,1.94,0,0.01897612904258894,0,0,0,GREEN
2012-02-29,1.97,0.09,358835.0,6716.1538,1.88,0,0.03488395905115271,0,0,0,GREEN
2012-03-31,2.17,0.08,265310.0,6717.9605,2.09,0,0.037099624394208774,0,0,0,GREEN
2012-04-30,2.05,0.08,232113.0,6734.977,1.9699999999999998,0,0.03839600679790167,0,0,0,GREEN
2012-05-31,1.8,0.09,491743.0,6767.7413,1.71,0,0.04343152171094289,0,0,0,GREEN
2012-06-30,1.62,0.09,346543.0,6777.2719,1.53,0,0.0432968044779205,0,0,0,GREEN
2012-07-31,1.53,0.1,295787.0,6792.589,1.43,0,0.04142874209383107,0,0,0,GREEN
2012-08-31,1.68,0.1,155354.0,6818.4073,1.5799999999999998,0,0.042821237087427244,0,0,0,GREEN
2012-09-30,1.72,0.11,215022.0,6820.5136,1.6099999999999999,0,0.04159424733859507,0,0,0,GREEN
2012-10-31,1.75,0.1,324258.0,6853.0257,1.65,0,0.042120297639876236,0,0,0,GREEN
2012-11-30,1.65,0.09,119003.0,6863.6431,1.5599999999999998,0,0.039404252889725155,0,0,0,GREEN
2012-12-31,1.72,0.07,183526.0,6903.7443,1.65,0,0.04336296378287119,0,0,0,GREEN
2013-01-31,1.91,0.07,328562.0,6936.2525,1.8399999999999999,0,0.046068879469215895,0,0,0,GREEN
2013-02-28,1.98,0.1,167076.0,6942.9782,1.88,0,0.033772960946784725,0,0,0,GREEN
2013-03-31,1.96,0.09,219178.0,6948.6705,1.8699999999999999,0,0.03434226801422846,0,0,0,GREEN
2013-04-30,1.76,0.06,346183.0,6965.7275,1.7,0,0.03426151269707378,0,0,0,GREEN
2013-05-31,1.93,0.04,437859.0,6980.6068,1.89,0,0.03145296053204638,0,0,0,GREEN
2013-06-30,2.3,0.05,249627.0,6995.7605,2.25,0,0.03223842915318187,0,0,0,GREEN
2013-07-31,2.58,0.04,396059.0,7020.6459,2.54,0,0.03357437053824408,0,0,0,GREEN
2013-08-31,2.74,0.04,213438.0,7014.2441,2.7,0,0.028721780818227183,0,0,0,GREEN
2013-09-30,2.81,0.02,164073.0,7032.4066,2.79,0,0.03106701524647648,0,0,0,GREEN
2013-10-31,2.62,0.05,177989.0,7071.2602,2.5700000000000003,0,0.03184498490936627,0,0,0,GREEN
2013-11-30,2.72,0.07,183187.0,7093.0712,2.6500000000000004,0,0.033426577789279266,0,0,0,GREEN
2013-12-31,2.9,0.07,236633.0,7112.9598,2.83,0,0.030304642076619093,0,0,0,GREEN
2014-01-31,2.86,0.04,471519.0,7139.6996,2.82,0,0.029330982400078476,0,0,0,GREEN
2014-02-28,2.71,0.05,204379.0,7199.2737,2.66,0,0.03691434606549682,0,0,0,GREEN
2014-03-31,2.72,0.05,291920.0,7244.6868,2.6700000000000004,0,0.0426004226276091,0,0,0,GREEN
2014-04-30,2.71,0.03,419576.0,7291.8729,2.68,0,0.04682144112011266,0,0,0,GREEN
2014-05-31,2.56,0.03,233965.0,7328.0544,2.5300000000000002,0,0.04977326612924249,0,0,0,GREEN
2014-06-30,2.6,0.04,272535.0,7365.7148,2.56,0,0.05288264228027817,0,0,0,GREEN
2014-07-31,2.54,0.03,349768.0,7414.8755,2.5100000000000002,0,0.056152896131679286,0,0,0,GREEN
2014-08-31,2.42,0.03,232599.0,7459.1511,2.39,0,0.06342907284906163,0,0,0,GREEN
2014-09-30,2.53,0.02,263194.0,7486.5294,2.51,0,0.06457573144305973,0,0,0,GREEN
2014-10-31,2.3,0.02,537426.0,7513.4485,2.28,0,0.06253316770891848,0,0,0,GREEN
2014-11-30,2.33,0.02,393637.0,7574.9738,2.31,0,0.06793990732815414,0,0,0,GREEN
2014-12-31,2.21,0.03,629450.0,7629.748,2.18,0,0.07265445251075375,0,0,0,GREEN
2015-01-31,1.88,0.03,706429.0,7672.8298,1.8499999999999999,0,0.07467123686828514,0,0,0,GREEN
2015-02-28,1.98,0.02,513129.0,7744.8999,1.96,0,0.07578906188828483,0,0,0,GREEN
2015-03-31,2.04,0.03,235827.0,7803.8089,2.0100000000000002,0,0.07717684910823186,0,0,0,GREEN
2015-04-30,1.94,0.02,550850.0,7852.823,1.92,0,0.07692812363748147,0,0,0,GREEN
2015-05-31,2.2,0.02,800935.0,7897.782,2.18,0,0.07774609315127368,0,0,0,GREEN
2015-06-30,2.36,0.02,811408.0,7941.4887,2.34,0,0.0781694534249413,0,0,0,GREEN
2015-07-31,2.32,0.03,978061.0,7974.396,2.29,0,0.07545919011047442,0,0,0,GREEN
2015-08-31,2.17,0.07,706288.0,8035.4147,2.1,0,0.07725592259419445,0,0,0,GREEN
2015-09-30,2.17,0.02,622234.0,8090.8897,2.15,0,0.08072636434180036,0,0,0,GREEN
2015-10-31,2.07,0.02,257323.0,8121.4106,2.05,0,0.08091651922549281,0,0,0,GREEN
2015-11-30,2.26,0.12,433432.0,8186.9955,2.1399999999999997,0,0.08079522334453482,0,0,0,GREEN
2015-12-31,2.24,0.23,1153798.0,8242.0418,2.0100000000000002,0,0.08025085494304673,0,0,0,GREEN
2016-01-31,2.09,0.26,1263517.0,8301.4824,1.8299999999999998,0,0.08193230090937242,0,0,0,GREEN
2016-02-29,1.78,0.31,1172871.0,8344.1549,1.47,0,0.077374143983449,0,0,0,GREEN
2016-03-31,1.89,0.29,1265900.0,8433.1629,1.5999999999999999,0,0.08064702865801854,0,0,0,GREEN
2016-04-30,1.81,0.23,1118909.0,8485.3041,1.58,0,0.08054187646913724,0,0,0,GREEN
2016-05-31,1.81,0.27,1215684.0,8536.0672,1.54,0,0.0808182854376076,0,0,0,GREEN
2016-06-30,1.64,0.27,1389487.0,8605.0956,1.3699999999999999,0,0.08356202786009126,0,0,0,GREEN
2016-07-31,1.5,0.3,1274010.0,8618.8271,1.2,0,0.0808125279958507,0,0,0,GREEN
2016-08-31,1.56,0.3,1348026.0,8666.0914,1.26,0,0.07848713769558135,0,0,0,GREEN
2016-09-30,1.63,0.29,1171384.0,8700.641,1.3399999999999999,0,0.07536270084116947,0,0,0,GREEN
2016-10-31,1.76,0.33,1524960.0,8743.8912,1.43,0,0.07664685738213994,0,0,0,GREEN
2016-11-30,2.14,0.45,2003532.0,8772.0081,1.6900000000000002,0,0.07145632362934595,0,0,0,GREEN
2016-12-31,2.49,0.51,1437056.0,8750.8487,1.9800000000000002,0,0.061733113268122475,0,0,0,GREEN
2017-01-31,2.43,0.51,1517413.0,8785.4834,1.9200000000000002,0,0.05830296044475114,0,0,0,GREEN
2017-02-28,2.42,0.52,1248787.0,8805.7051,1.9,0,0.05531419365189394,0,0,0,GREEN
2017-03-31,2.48,0.74,438309.0,8804.6944,1.74,0,0.044056008926378176,0,0,0,GREEN
2017-04-30,2.3,0.8,610190.0,8847.3751,1.4999999999999998,0,0.04267036227965004,0,0,0,GREEN
2017-05-31,2.3,0.89,967897.0,8875.6077,1.4099999999999997,0,0.03977715873651988,0,0,0,GREEN
2017-06-30,2.19,0.98,726730.0,8892.6132,1.21,0,0.03341248178579215,0,0,0,GREEN
2017-07-31,2.32,1.07,719843.0,8935.2326,1.2499999999999998,0,0.036710969639940805,0,0,0,GREEN
2017-08-31,2.21,1.01,604298.0,8964.9503,1.2,0,0.03448600830588999,0,0,0,GREEN
2017-09-30,2.2,1.03,400229.0,9011.7851,1.1700000000000002,0,0.03576105484641867,0,0,0,GREEN
2017-10-31,2.36,1.07,705505.0,9063.3483,1.2899999999999998,0,0.03653488963815099,0,0,0,GREEN
2017-11-30,2.35,1.23,881818.0,9096.1175,1.12,0,0.03694814189695084,0,0,0,GREEN
2017-12-31,2.4,1.32,549689.0,9123.4713,1.0799999999999998,0,0.042581309856265515,0,0,0,GREEN
2018-01-31,2.58,1.41,1184808.0,9154.8997,1.1700000000000002,0,0.042048488760447755,0,0,0,GREEN
2018-02-28,2.86,1.57,818914.0,9184.2751,1.2899999999999998,0,0.04299144653390696,0,0,0,GREEN
2018-03-31,2.84,1.7,1080312.0,9212.514,1.14,0,0.04631842758790117,0,0,0,GREEN
2018-04-30,2.87,1.76,1232844.0,9294.067,1.11,0,0.050488635889304634,0,0,0,GREEN
2018-05-31,2.98,1.86,1742779.0,9307.9235,1.1199999999999999,0,0.04870830422124217,0,0,0,GREEN
2018-06-30,2.91,1.9,1301974.0,9362.6073,1.0100000000000002,0,0.05285219197434565,0,0,0,GREEN
2018-07-31,2.89,1.96,1335845.0,9380.2783,0.9300000000000002,0,0.04980795911233482,0,0,0,GREEN
2018-08-31,2.89,2.03,1711729.0,9405.7368,0.8600000000000003,0,0.04916775723787348,0,0,0,GREEN
2018-09-30,3.0,2.13,1333327.0,9439.0432,0.8700000000000001,0,0.0474110395730587,0,0,0,GREEN
2018-10-31,3.15,2.25,1768595.0,9498.1694,0.8999999999999999,0,0.0479757685137181,0,0,0,GREEN
2018-11-30,3.12,2.33,1331876.0,9520.9912,0.79,0,0.046709346047915545,0,0,0,GREEN
2018-12-31,2.83,2.37,1397330.0,9599.4239,0.45999999999999996,0,0.0521679286698693,0,0,0,GREEN
2019-01-31,2.71,2.37,1880682.0,9646.5906,0.33999999999999986,0,0.05370795050873145,0,0,0,GREEN
2019-02-28,2.68,2.39,1355954.0,9684.6919,0.29000000000000004,0,0.05448625989001554,0,0,0,GREEN
2019-03-31,2.57,2.4,1080508.0,9707.8698,0.16999999999999993,0,0.0537698830091331,0,0,0,GREEN
2019-04-30,2.53,2.38,1236671.0,9725.4733,0.1499999999999999,0,0.04641738648968219,0,0,0,GREEN
2019-05-31,2.4,2.35,1603282.0,9774.6952,0.04999999999999982,0,0.050147780007001375,0,0,0,GREEN
2019-06-30,2.07,2.17,857898.0,9828.4265,-0.10000000000000009,1,0.049753149424519805,0,0,1,YELLOW
2019-07-31,2.06,2.1,1010551.0,9855.5434,-0.040000000000000036,1,0.05066641786097126,0,0,1,YELLOW
2019-08-31,1.63,1.95,533343.0,9883.8925,-0.32000000000000006,1,0.0508366021894211,0,0,1,YELLOW
2019-09-30,1.7,1.89,898497.0,9934.3458,-0.18999999999999995,1,0.052473814295075805,0,0,1,YELLOW
2019-10-31,1.71,1.65,1745823.0,9971.9336,0.06000000000000005,0,0.04987952731186285,0,0,0,GREEN
2019-11-30,1.81,1.54,1488738.0,10011.6106,0.27,0,0.05153028604836862,0,0,0,GREEN
2019-12-31,1.86,1.54,1374248.0,10030.9013,0.32000000000000006,0,0.04494825986380291,0,0,0,GREEN
2020-01-31,1.76,1.52,1936544.0,10053.7657,0.24,0,0.042209223640111704,0,0,0,GREEN
2020-02-29,1.5,1.52,1692729.0,10085.4443,-0.020000000000000018,1,0.04137998442676327,0,0,1,YELLOW
2020-03-31,0.87,0.29,1507899.0,10630.4319,0.5800000000000001,0,0.0950323932032957,0,0,0,GREEN
2020-04-30,0.66,0.14,3916498.0,10840.5646,0.52,0,0.11465676431397953,1,0,1,YELLOW
2020-05-31,0.67,0.13,4809885.0,10804.7921,0.54,0,0.1053840430748163,1,0,1,YELLOW
2020-06-30,0.73,0.16,6126173.0,10654.2643,0.57,0,0.08402543377620031,0,0,0,GREEN
2020-07-31,0.62,0.13,8587669.0,10578.0434,0.49,0,0.07330899684334002,0,0,0,GREEN
2020-08-31,0.65,0.1,6681156.0,10536.2707,0.55,0,0.0660041780098275,0,0,0,GREEN
2020-09-30,0.68,0.11,8224937.0,10489.9285,0.5700000000000001,0,0.05592544402873534,0,0,0,GREEN
2020-10-31,0.79,0.1,6783797.0,10420.4279,0.6900000000000001,0,0.04497566048775137,0,0,0,GREEN
2020-11-30,0.87,0.09,6296290.0,10361.6597,0.78,0,0.03496431433320035,0,0,0,GREEN
2020-12-31,0.93,0.09,7788456.0,10342.342,0.8400000000000001,0,0.031048127250539403,0,0,0,GREEN
2021-01-31,1.08,0.08,6519194.0,10327.5642,1.0,0,0.027233427570328317,0,0,0,GREEN
2021-02-28,1.26,0.04,6331249.0,10379.2942,1.22,0,0.029136039152980242,0,0,0,GREEN
2021-03-31,1.61,0.03,6149061.0,10366.6621,1.58,0,-0.02481270775084876,0,0,0,GREEN
2021-04-30,1.64,0.02,3918788.0,10342.8263,1.6199999999999999,0,-0.045914425896230404,0,0,0,GREEN
2021-05-31,1.62,0.02,3531060.0,10367.6295,1.6,0,-0.04046006586281303,0,0,0,GREEN
2021-06-30,1.52,0.04,3648010.0,10354.0564,1.48,0,-0.02817725293336315,0,0,0,GREEN
2021-07-31,1.32,0.05,2714589.0,10393.1755,1.27,0,-0.017476568492808542,0,0,0,GREEN
2021-08-31,1.28,0.05,1567825.0,10425.111,1.23,0,-0.010550194007448832,0,0,0,GREEN
2021-09-30,1.37,0.04,1267240.0,10467.6794,1.33,0,-0.0021209963442552215,0,0,0,GREEN
2021-10-31,1.58,0.05,510117.0,10515.7352,1.53,0,0.009146198305349795,0,0,0,GREEN
2021-11-30,1.56,0.05,915038.0,10598.5767,1.51,0,0.02286477329495762,0,0,0,GREEN
2021-12-31,1.47,0.06,669369.0,10761.5791,1.41,0,0.040535992718090386,0,0,0,GREEN
2022-01-31,1.76,0.15,1949726.0,10791.4903,1.61,0,0.044921153818632265,0,0,0,GREEN
2022-02-28,1.93,0.33,2752536.0,10855.4739,1.5999999999999999,0,0.04587784976747278,0,0,0,GREEN
2022-03-31,2.13,0.44,3095229.0,11004.4645,1.69,0,0.06152437436925817,0,0,0,GREEN
2022-04-30,2.75,0.76,2777493.0,11112.2071,1.99,0,0.0743878682367507,0,0,0,GREEN
2022-05-31,2.9,0.98,3599635.0,11254.2466,1.92,0,0.08551782256493645,0,0,0,GREEN
2022-06-30,3.14,1.49,3684696.0,11414.6574,1.6500000000000001,0,0.10243338060240825,1,0,1,YELLOW
2022-07-31,2.9,2.23,2569852.0,11512.0894,0.6699999999999999,0,0.10765852072833759,1,0,1,YELLOW
2022-08-31,2.9,2.63,2844504.0,11622.4115,0.27,0,0.1148477459856303,1,0,1,YELLOW
2022-09-30,3.52,3.13,2557168.0,11710.4697,0.3900000000000001,0,0.11872643902334246,1,0,1,YELLOW
2022-10-31,3.98,3.72,2483988.0,11806.2192,0.2599999999999998,0,0.12271933207294916,1,0,1,YELLOW
2022-11-30,3.89,4.15,2619953.0,11893.0136,-0.26000000000000023,1,0.12213308792679678,1,0,2,RED
2022-12-31,3.62,4.25,1675558.0,11985.7733,-0.6299999999999999,1,0.11375600073413006,1,0,2,RED
2023-01-31,3.53,4.54,1626831.0,12061.9497,-1.0100000000000002,1,0.11772789157768138,1,0,2,RED
2023-02-28,3.75,4.65,2021078.0,12093.4773,-0.9000000000000004,1,0.11404415978559901,1,0,2,RED
2023-03-31,3.66,4.69,1390625.0,12096.8918,-1.0300000000000002,1,0.09927128212372338,0,0,1,YELLOW
2023-04-30,3.46,4.92,736258.0,12109.2597,-1.46,1,0.0897258835285748,0,0,1,YELLOW
2023-05-31,3.57,5.14,694008.0,12122.7624,-1.5699999999999998,1,0.07717227379751912,0,0,1,YELLOW
2023-06-30,3.75,5.16,814295.0,12094.0184,-1.4100000000000001,1,0.059516547557529,0,0,1,YELLOW
2023-07-31,3.9,5.25,2004510.0,12128.6033,-1.35,1,0.053553606003094334,0,0,1,YELLOW
2023-08-31,4.17,5.3,2282435.0,12189.2902,-1.13,1,0.048774619621754,0,0,1,YELLOW
2023-09-30,4.38,5.32,2313827.0,12212.1202,-0.9400000000000004,1,0.04283777789032661,0,0,1,YELLOW
2023-10-31,4.8,5.34,2971465.0,12270.8668,-0.54,1,0.03935617255014212,0,0,1,YELLOW
2023-11-30,4.5,5.27,3776961.0,12277.0773,-0.7699999999999996,1,0.03229321960919984,0,0,1,YELLOW
2023-12-31,4.02,5.24,2804550.0,12261.088,-1.2200000000000006,1,0.022970124088697697,0,0,1,YELLOW
2024-01-31,4.06,5.22,3895804.0,12329.1099,-1.1600000000000001,1,0.022149006308656682,0,0,1,YELLOW
2024-02-29,4.21,5.24,3211426.0,12353.5944,-1.0300000000000002,1,0.021508875697811014,0,0,1,YELLOW
2024-03-31,4.21,5.24,3147633.0,12353.9414,-1.0300000000000002,1,0.021249227012181793,0,0,1,YELLOW
2024-04-30,4.54,5.24,3211587.0,12365.5934,-0.7000000000000002,1,0.021168403878562447,0,0,1,YELLOW
2024-05-31,4.48,5.25,3985612.0,12390.5279,-0.7699999999999996,1,0.022087828760877004,0,0,1,YELLOW
2024-06-30,4.31,5.24,2872709.0,12427.9347,-0.9300000000000006,1,0.027610037371863072,0,0,1,YELLOW
2024-07-31,4.25,5.2,3810169.0,12460.8934,-0.9500000000000002,1,0.027397227181138017,0,0,1,YELLOW
2024-08-31,3.87,5.05,3047396.0,12468.6753,-1.1799999999999997,1,0.02292053888420842,0,0,1,YELLOW
2024-09-30,3.72,4.72,3067882.0,12497.939,-0.9999999999999996,1,0.023404519061317464,0,0,1,YELLOW
2024-10-31,4.1,4.51,4057412.0,12543.4022,-0.41000000000000014,1,0.022209955045718655,0,0,1,YELLOW
2024-11-30,4.36,4.42,3201360.0,12564.9792,-0.05999999999999961,1,0.023450361430891853,0,0,1,YELLOW
2024-12-31,4.39,4.27,3097285.0,12605.7539,0.1200000000000001,0,0.028110547775205497,0,0,0,GREEN
2025-01-31,4.63,4.21,3475222.0,12636.9815,0.41999999999999993,0,0.024971113283692947,0,0,0,GREEN
2025-02-28,4.45,4.22,3104918.0,12690.8251,0.23000000000000043,0,0.027298184567238204,0,0,0,GREEN
2025-03-31,4.28,4.2,1857025.0,12744.7556,0.08000000000000007,0,0.031634778516919315,0,0,0,GREEN
2025-04-30,4.28,4.21,2244731.0,12839.1759,0.07000000000000028,0,0.03829840466855394,0,0,0,GREEN
2025-05-31,4.42,4.25,2129832.0,12869.5965,0.16999999999999993,0,0.03866409921081737,0,0,0,GREEN
2025-06-30,4.38,4.23,1413991.0,12921.6119,0.14999999999999947,0,0.039723189083058275,0,0,0,GREEN
2025-07-31,4.39,4.25,1669335.0,13001.2771,0.13999999999999968,0,0.043366368899359964,0,0,0,GREEN
2025-08-31,4.26,4.12,2034879.0,13061.5389,0.13999999999999968,0,0.04754824275518654,0,0,0,GREEN
2025-09-30,4.12,3.92,2831019.0,13098.647,0.20000000000000018,0,0.048064564885458294,0,0,0,GREEN
2025-10-31,4.06,3.82,4288151.0,13162.4412,0.23999999999999977,0,0.04935176199643809,0,0,0,GREEN
2025-11-30,4.09,3.78,3740115.0,13263.5861,0.31000000000000005,0,0.05559952697733084,0,0,0,GREEN
2025-12-31,4.14,3.59,4303632.0,13318.6265,0.5499999999999998,0,0.05655136580129505,0,0,0,GREEN
2026-01-31,4.14,3.59,1575323.0,13354.2991,0.5499999999999998,0,0.05676336552364192,0,0,0,GREEN
